npsn,nama,bentuk_pendidikan_nama,jenjang_pendidikan_nama,alamat_jalan,rt,rw,nama_dusun,desa_kelurahan_nama,Column,lintang,bujur,kebutuhan_khusus_nama,status_sekolah_nama,status_kepemilikan_nama
20271533,SLB YPDP,Keaksaraan,SMA / sederajat,Jl. Puri Asih VIII No. 12 Santosa Asih Jaya,4,4,,Cipamokolan,Kec. Rancasari,-6.94,108.0,"C1, D",Tidak Aktif,Yayasan
20219867,SLB ABCD CARINGIN,Keaksaraan,SMA / sederajat,Jl. Holis Gg. Faqih Rt 02/09,2,9,Caringin,Babakan,Kec. Babakan Ciparay,-6.9396,107.5705,"C1, D",Tidak Aktif,Yayasan
20219137,SMKS PASUNDAN 1 BANDUNG,SMK,SMA / sederajat,JL BALONGGEDE NO.44 BANDUNG,10,5,,Balong Gede,Kec. Regol,-6.9268,107.6069,Tidak ada,Tidak Aktif,Yayasan
20219725,SMA KARTIKA XIX-2,SMA,SMA / sederajat,JL. PAK GATOT RAYA NO. 73,2,2,-,Gegerkalong,Kec. Sukasari,-6.8652,107.5877,Tidak ada,Tidak Aktif,Yayasan
20265530,SMKS CITRA PEMBAHARUAN,SMK,SMA / sederajat,PAJAJARAN NO.92,3,4,,Pamoyanan,Kec. Cicendo,-6.9059,107.593,Tidak ada,Tidak Aktif,Yayasan
20272028,SMKS PAHLAWAN TOHA,SMK,SMA / sederajat,Jl. Peta (Sukamulya I),1,9,Sukamulya,Suka Asih,Kec. Bojong Loa Kaler,-6.9326,107.5895,Tidak ada,Tidak Aktif,Yayasan
20219727,SMAS KARTIKA XIX-1,SMA,SMA / sederajat,JL. TAMAN PRAMUKA NO. 163,2,1,,Cihapit,Kec. Bandung Wetan,-6.9096,107.6268,Tidak ada,Tidak Aktif,Yayasan
20253836,SMAS PRIBADI,SMA,SMA / sederajat,Jln. PHH. Mustofa no. 41 ,2,6,-,Neglasari,Kec. Cibeunying Kaler,-6.8993,107.6408,Tidak ada,Tidak Aktif,Yayasan
20219254,SMAN 2 BANDUNG,SMA,SMA / sederajat,JL. CIHAMPELAS NO. 173,9,4,-,Cipaganti,Kec. Coblong,-6.8892,107.6038,Tidak ada,Aktif,Pemerintah Daerah
20219219,SMKS VIJAYA KUSUMA,SMK,SMA / sederajat,JL. DR. SETIABUDI NO. 238,4,6,-,Ledeng,Kec. Cidadap,-6.8638,107.5942,Tidak ada,Tidak Aktif,Yayasan
20265522,SMAS PLUS PARIWISATA,SMA,SMA / sederajat,JL. TERS. BOROBUDUR NO. 1-4,3,4,-,Cibaduyut Kidul,Kec. Bojong Loa Kidul,-6.9584,107.5914,Tidak ada,Tidak Aktif,Yayasan
20219785,SMAS NUSANTARA,SMA,SMA / sederajat,JL.KOPO NO.322,1,7,Kopo,Kopo,Kec. Bojong Loa Kaler,-6.9419,107.592,Tidak ada,Tidak Aktif,Yayasan
20219140,SMKN 8 BANDUNG,SMK,SMA / sederajat,JLN. KILININGAN NO.31,3,6,-,Turangga,Kec. Lengkong,-6.9402,107.6289,Tidak ada,Aktif,Pemerintah Pusat
20219175,SMKN 11 BANDUNG,SMK,SMA / sederajat,JL. BUDI CILEMBER,1,4,-,Sukaraja,Kec. Cicendo,-6.899,107.5884,Tidak ada,Aktif,Pemerintah Daerah
20246140,SMKS BUDAYA BANGSA,SMK,SMA / sederajat,CITARIP RAYA BARAT  NO.16,5,10,-,Kopo,Kec. Bojong Loa Kaler,-6.9377,107.5886,Tidak ada,Tidak Aktif,Yayasan
20275333,SMKS BAKTI BANGSA,SMK,SMA / sederajat,SARIJADI BLOK I,2,2,Sarijadi,Sarijadi,Kec. Sukasari,-6.8756,107.5802,Tidak ada,Tidak Aktif,Yayasan
20219768,SMAS PAJAJARAN,SMA,SMA / sederajat,JL. MALEBER UTARA NO. 37,4,4,-,Maleber,Kec. Andir,-6.920902,107.599795,Tidak ada,Tidak Aktif,Yayasan
20280599,SLB ABCD LOB,Keaksaraan,SMA / sederajat,Jl. Manglayang  I  No. 7 ,3,5,,Palasari,Kec. Cibiru,-6.913808,107.724543,"C1, D",Tidak Aktif,Yayasan
20219178,SMKN 1 BANDUNG,SMK,SMA / sederajat,JL. WASTUKANCANA NO. 3,3,7,-,Babakan Ciamis,Kec. Sumur Bandung,-6.9132,107.6089,Tidak ada,Aktif,Pemerintah Pusat
20219773,SMAS PASUNDAN 7 BANDUNG,SMA,SMA / sederajat,JL. KEBONJATI NO. 31,3,3,-,Kebon Jeruk,Kec. Andir,-6.9162,107.601,Tidak ada,Tidak Aktif,Yayasan
20265521,SMAS PGRI 3,SMA,SMA / sederajat,SUKUP NO.15,1,1,-,Cigending,Kec. Ujungberung,-6.9111,107.6923,Tidak ada,Tidak Aktif,Yayasan
20219312,SMAN 4 BANDUNG,SMA,SMA / sederajat,JL. GARDUJATI NO. 20,1,8,,Kebon Jeruk,Kec. Andir,-6.9194,107.5983,"C1, D",Aktif,Pemerintah Daerah
20219718,SMAS GUNA DHARMA,SMA,SMA / sederajat,"JL. A.H. Nasution KM 11,70 ",1,5,-,Cipadung Kulon,Kec. Panyileukan,-6.9169,107.7055,Tidak ada,Tidak Aktif,Yayasan
69895400,SMA BPK PENABUR HOLIS,SMA,SMA / sederajat,Jl. Komplek Taman Holis Indah Blok A,1,1,Cigondewah Kaler,Cigondewah Kidul,Kec. Bandung Kulon,-6.934315,107.57332,Tidak ada,Tidak Aktif,Yayasan
20219217,SMKS PUTRA PAJAJARAN BANDUNG,SMK,SMA / sederajat,JL. PAJAJARAN BELAKANG NO. 37,4,4,-,Pasirkaliki,Kec. Cicendo,-6.9072,107.6024,Tidak ada,Tidak Aktif,Yayasan
20271653,SMKS GRACIA,SMK,SMA / sederajat,JALAN CIBADAK GG. SEREH 26,10,2,-,Cibadak,Kec. Astanaanyar,-6.9223,107.5977,"C1, D",Tidak Aktif,Yayasan
20219750,SMAS ASIA AFRIKA 55,SMA,SMA / sederajat,JL.A.YANI NO.107,2,11,-,Kebon Pisang,Kec. Sumur Bandung,-6.9202,107.6211,Tidak ada,Tidak Aktif,Yayasan
20265541,SMKS PLUS AL GHIPARI,SMK,SMA / sederajat,Jl. Cilengkrang 1 Blk. Kantor Kelurahan Cisurupan,3,5,-,Cisurupan,Kec. Cibiru,-6.9139,107.719,Tidak ada,Tidak Aktif,Yayasan
20219160,SMKN 14 BANDUNG,SMK,SMA / sederajat,JL. CIJAWURA HILIR NO. 341,6,12,Cijawura,Cijaura,Kec. Buahbatu,-6.9626,107.6597,"C1, D",Aktif,Pemerintah Pusat
20265532,SMKS LPPM 1 BANDUNG,SMK,SMA / sederajat,JL. TERUSAN NILEM BARAT NO. 49 B,3,1,-,Pasirluyu,Kec. Regol,-6.9358,107.6199,Tidak ada,Tidak Aktif,Yayasan
20219269,SMAS TARUNA BAKTI,SMA,SMA / sederajat,JL. RE. MARTADINATA,2,6,-,Citarum,Kec. Bandung Wetan,-6.9062,107.6187,Tidak ada,Tidak Aktif,Yayasan
20219810,SMA KRISTEN BPPK,SMA,SMA / sederajat,JL. KEBON JATI NO. 108,4,5,-,Kebon Jeruk,Kec. Andir,-6.9162,107.5986,Tidak ada,Tidak Aktif,Yayasan
20219794,SMAS KRISTEN PAULUS,SMA,SMA / sederajat,JL. RAJIMAN NO. 11,1,1,-,Ciroyom,Kec. Andir,-6.9162,107.5986,"C1, D",Tidak Aktif,Yayasan
20219877,SLB BC BINA KASIH,Keaksaraan,SMA / sederajat,Jl. Cipamokolan Kebon Jeruk Rt 02/07,2,9,,Derwati,Kec. Rancasari,-6.9532,107.6731,"B,C,C1",Tidak Aktif,Yayasan
20219779,SMAS PGRI 2,SMA,SMA / sederajat,JL. CIPAGALO GIRANG NO. 42,9,6,-,Margasari,Kec. Buahbatu,-6.9522,107.6473,Tidak ada,Tidak Aktif,Yayasan
20219793,SMAS REHOBOTH,SMA,SMA / sederajat,JL. RD. DEWI SARTIKA,2,2,-,,Kec. Regol,-6.9257,107.6045,Tidak ada,Tidak Aktif,Yayasan
20219247,SMAN 25 BANDUNG,SMA,SMA / sederajat,JL. BATURADEN VIII NO. 21,6,7,-,Mekarjaya,Kec. Rancasari,-6.9661,107.6656,Tidak ada,Aktif,Pemerintah Daerah
20272033,SMKS PRIMA GRAFIKA,SMK,SMA / sederajat,CIHAMPELAS BLK.NO.14,7,18,-,Taman Sari,Kec. Bandung Wetan,-6.906,107.6052,Tidak ada,Tidak Aktif,Yayasan
20219735,SMAS KARYA PEMB 2,SMA,SMA / sederajat,JL. RAYA UJUNGBERUNG NO. 25,1,1,-,Pasir Endah,Kec. Ujungberung,-6.9293,107.6885,Tidak ada,Tidak Aktif,Yayasan
20219327,SMAN 3 BANDUNG,SMA,SMA / sederajat,JL. BELITUNG  NO. 8,2,1,-,Merdeka,Kec. Sumur Bandung,-6.9122,107.6149,"C1, D",Aktif,Pemerintah Daerah
20219752,SMAS BINA DHARMA 1 BANDUNG,SMA,SMA / sederajat,JL. GEGERKALONG HILIR NO. 18,1,4,-,Gegerkalong,Kec. Sukasari,-6.8699,107.5926,Tidak ada,Tidak Aktif,Yayasan
20246324,SMAS JEND SUDIRMAN BANDUNG,SMA,SMA / sederajat,JL. BABAKAN TAROGONG NO. 119 F,6,4,-,Suka Asih,Kec. Bojong Loa Kaler,-6.9329,107.592,Tidak ada,Tidak Aktif,Yayasan
20219179,SMKS MUTIARA BANDUNG,SMK,SMA / sederajat,JL MALEBER UTARA NO.37 BDG,3,4,-,Garuda,Kec. Andir,-6.9074,107.5782,Tidak ada,Tidak Aktif,Yayasan
20219241,SMAN 12 BANDUNG,SMA,SMA / sederajat,JL. SEKEJATI KIARACONDON,1,10,Sukapura,Sukapura,Kec. Kiaracondong,-6.9409,107.6458,Tidak ada,Aktif,Pemerintah Daerah
20252150,SMKS TARUNA GANESHA,SMK,SMA / sederajat,PAHLAWAN NO. 67,8,8,-,Sukaluyu,Kec. Cibeunying Kaler,-6.896,107.6343,Tidak ada,Tidak Aktif,Yayasan
20219758,SMA AL FALAH KOTA BANDUNG,SMA,SMA / sederajat,JL. CISITU BARU NO. 52,3,11,-,Dago,Kec. Coblong,-6.8828,107.6132,Tidak ada,Tidak Aktif,Yayasan
20265539,SMKS PURAGABAYA,SMK,SMA / sederajat,H.YASIN NO.59 TERUSAN PASTEUR,9,2,-,Sukagalih,Kec. Sukajadi,-6.899,107.5966,Tidak ada,Tidak Aktif,Yayasan
20219733,SMAS KEMALA BHAYANGKARI,SMA,SMA / sederajat,JL. PALASARI NO. 24,8,9,,Malabar,Kec. Lengkong,-6.9121,107.5798,Tidak ada,Tidak Aktif,Yayasan
20219751,SMAS ADVENT,SMA,SMA / sederajat,JL. NARIPAN NO. 91,1,4,-,Kebon Pisang,Kec. Sumur Bandung,-6.9208,107.6164,Tidak ada,Tidak Aktif,Yayasan
20219158,SMKS PASUNDAN 3 BANDUNG,SMK,SMA / sederajat,JL. SUMATERA NO. 41,6,1,-,Babakan Ciamis,Kec. Sumur Bandung,-6.9112,107.6124,Tidak ada,Tidak Aktif,Yayasan
20274909,SMAS ISTIQOMAH,SMA,SMA / sederajat,KOMPLEK PURAGABAYA NO. 14 JL. CIJAWURA GIRANG RT 01/13 ,1,14,-,Sekejati,Kec. Buahbatu,-6.9443,107.6473,Tidak ada,Tidak Aktif,Yayasan
20219139,SMKN 9 BANDUNG,SMK,SMA / sederajat,JALAN SOEKARNO-HATTA KM. 10,9,6,-,Jati Sari,Kec. Buahbatu,-6.9403,107.657,Tidak ada,Aktif,Pemerintah Daerah
20219745,SLB D YPAC,Keaksaraan,SMA / sederajat,Jl. Mustang No. 46,1,7,,Sukawarna,Kec. Sukajadi,-6.8894,107.5776,"C1, D",Tidak Aktif,Yayasan
20219868,SLB ABC BINA MANDIRI ,Keaksaraan,SMA / sederajat,Jl. Sukamaju 17,2,5,Cipadung Kulon,Cipadung Kulon,Kec. Panyileukan,-6.9095,107.643,"C1, D",Tidak Aktif,Yayasan
20280591,SLB RISANTYA,Keaksaraan,SMA / sederajat,Jl Kota Baru No 30,7,8,Ciateul,Ciateul,Kec. Regol,-6.947702,107.619165,"C1, D",Tidak Aktif,Yayasan
20219782,SMA PGII 1,SMA,SMA / sederajat,Jl. Panatayuda No. 2,7,8,-,Lebak Gede,Kec. Coblong,-6.8972,107.6158,Tidak ada,Tidak Aktif,Yayasan
20219300,SMKS INDONESIA RAYA BANDUNG,SMK,SMA / sederajat,JL. PROF.SURYA SUMANTRI,4,5,Sukasari,Sukawarna,Kec. Sukajadi,-6.8889,107.5807,Tidak ada,Tidak Aktif,Yayasan
20219183,SMKS KIMIA DHARMA BHAKTI BANDUNG,SMK,SMA / sederajat,JALAN JENDERAL SUDIRMAN BELAKANG NO.765,4,7,-,Cibuntu,Kec. Bandung Kulon,-6.9213,107.5837,Tidak ada,Tidak Aktif,Yayasan
20272023,SMAS DARUL QUR AN,SMA,SMA / sederajat,Jalan Nagrog No. 85,3,12,Kampung Ciwaru,Pasanggrahan,Kec. Ujungberung,-6.856,107.5983,Tidak ada,Tidak Aktif,Yayasan
20276177,SMKS KARYA PEMBANGUNAN,SMK,SMA / sederajat,JL. H. NASUTION 25B,1,1,Cijalupang,Pasir Endah,Kec. Ujungberung,-6.9074,107.6893,Tidak ada,Tidak Aktif,Yayasan
20219279,SMAS TRINITAS BANDUNG,SMA,SMA / sederajat,JL. KEBONJATI 209,2,3,-,Ciroyom,Kec. Andir,-6.9167,107.593,Tidak ada,Tidak Aktif,Yayasan
20219249,SMAN 23 BANDUNG,SMA,SMA / sederajat,JL. MALANGBONG RAYA,0,0,-,Antapani Wetan,Kec. Antapani,-6.9128,107.665,Tidak ada,Aktif,Pemerintah Daerah
20219280,SMAS PUTRA PAJAJARAN,SMA,SMA / sederajat,JL. PAJAJARAN BLK NO. 37,4,4,-,Pasirkaliki,Kec. Cicendo,-6.9072,107.6024,Tidak ada,Tidak Aktif,Yayasan
20219799,SMAS LPPN,SMA,SMA / sederajat,RAJAWALI TIMUR NO. 76,1,7,Ciroyom,Ciroyom,Kec. Andir,-6.9156,107.585,Tidak ada,Tidak Aktif,Yayasan
20246420,SMK NUSA BHAKTI BANDUNG,SMK,SMA / sederajat,JALAN CILENTAH NO. 30,8,8,-,Burangrang,Kec. Lengkong,-6.9117,107.5771,Tidak ada,Tidak Aktif,Yayasan
20219301,SMKS IGASAR PINDAD BANDUNG,SMK,SMA / sederajat,JL.CISARANTEN KULON NO.17 BANDUNG,5,7,-,Cisaranten Kulon,Kec. Arcamanik,-6.9308,107.6796,Tidak ada,Tidak Aktif,Yayasan
20219726,SMAS KARTIKA III-3,SMA,SMA / sederajat,JL. ACEH NO. 108,9,6,-,Merdeka,Kec. Sumur Bandung,-6.9096,108.0,Tidak ada,Tidak Aktif,Yayasan
20219295,SMKS KENCANA BANDUNG,SMK,SMA / sederajat,JL BBK. SURABAYA NO. 44,4,1,-,Babakan Sari,Kec. Kiaracondong,-6.9187,107.6476,Tidak ada,Tidak Aktif,Yayasan
20219326,SMAN 8 BANDUNG,SMA,SMA / sederajat,JL. SOLONTONGAN NO. 3,1,6,-,Turangga,Kec. Lengkong,-6.9384,107.6258,Tidak ada,Aktif,Pemerintah Daerah
20219144,SMKN 4 BANDUNG,SMK,SMA / sederajat,"JL. KLININGAN NO.6, BUAH BATU",2,5,-,Turangga,Kec. Lengkong,-6.9418,107.6285,Tidak ada,Aktif,Pemerintah Daerah
20219771,SMAS NUSANTARA 1,SMA,SMA / sederajat,JL. DR. SETIABUDI NO. 234,1,2,-,Ledeng,Kec. Cidadap,-6.8645,107.5943,Tidak ada,Tidak Aktif,Yayasan
20271280,SMKS PUTRA PAJAJARAN 2 BANDUNG,SMK,SMA / sederajat,LODAYA NO.38,10,7,-,Turangga,Kec. Lengkong,-6.9315,107.624,Tidak ada,Tidak Aktif,Yayasan
20219293,SMKS ICB CINTA WISATA,SMK,SMA / sederajat,JL. PAHLAWAN NO.19 BANDUNG,7,6,-,Cihaurgeulis,Kec. Cibeunying Kaler,-6.8994,107.6334,Tidak ada,Tidak Aktif,Yayasan
69830375,SLB DARUL HIDAYAH,Keaksaraan,SMA / sederajat,Jl. 17 Agustus 2 No 19,1,2,,Cibangkong,Kec. Batununggal,-6.929953,107.637372,"C1, D",Tidak Aktif,Yayasan
20217941,SLB WIDI ASIH,Keaksaraan,SMA / sederajat,Jl. Dakota Perum Taman Pesona Mediteran G1,4,7,,Campaka,Kec. Andir,-6.9025,107.5765,"C1, D",Tidak Aktif,Yayasan
20219874,SLB ADITYA GRAHITA,Keaksaraan,SMA / sederajat,Jl. Cibeunying Permai III  No. 9,4,11,,Cigadung,Kec. Cibeunying Kaler,-6.8879,107.6377,C - Tuna grahita ringan,Tidak Aktif,Yayasan
20219746,SPLB C YPLB,Keaksaraan,SMA / sederajat,Jl. Hegar Asih No. 1-3,2,3,,Cipaganti,Kec. Coblong,-6.897648,107.618483,"C1, D",Tidak Aktif,Yayasan
20219876,SLB BC NIKE ARDILA YPWN,Keaksaraan,SMA / sederajat,Jl. Kali Cipamokolan Soekarno - Hatta,2,2,,Cipamokolan,Kec. Rancasari,-6.9523,107.6794,"C1, D",Tidak Aktif,Yayasan
20219281,SMKS KIANSANTANG BANDUNG,SMK,SMA / sederajat,JL JEND. SUDIRMAN 330/77 BANDUNG,1,5,Dunguscariang,Dungus Cariang,Kec. Andir,-6.9162,107.5805,Tidak ada,Tidak Aktif,Yayasan
20265523,SMKS NUGRAHA,SMK,SMA / sederajat,TERUSAN HALIMUN NO.37,2,6,-,Lingkar Selatan,Kec. Lengkong,-6.9279,107.6243,Tidak ada,Tidak Aktif,Lainnya
20219231,SMK PU N PROVINSI JAWA BARAT,SMK,SMA / sederajat,JALAN GARUT NO.10,2,4,-,Kacapiring,Kec. Batununggal,-6.9175,107.6323,Tidak ada,Aktif,Pemerintah Daerah
20265549,SMKS YPKKP,SMK,SMA / sederajat,JL CIJERAH NO. 230,5,5,-,Cijerah,Kec. Bandung Kulon,-6.9274,107.5651,Tidak ada,Tidak Aktif,Yayasan
20219797,SMAS KRISTEN DAGO,SMA,SMA / sederajat,JL. IR. H. JUANDA 93 BANDUNG,0,0,-,Lebak Siliwangi,Kec. Coblong,-6.8967,107.6116,Tidak ada,Tidak Aktif,Yayasan
20219149,SMKS PROFITA BANDUNG,SMK,SMA / sederajat,JL PAJAGALAN BELAKANG 67 BDG,0,0,-,Karang Anyar,Kec. Astanaanyar,-6.9258,107.6013,Tidak ada,Tidak Aktif,Yayasan
20219257,SMAN 10 BANDUNG,SMA,SMA / sederajat,JL. CIKUTRA NO. 77,4,11,-,Cikutra,Kec. Cibeunying Kidul,-6.9024,107.6434,Tidak ada,Aktif,Lainnya
20265546,"SMKS TEKNIK INFORMATIKA, KOTA BANDUNG",SMK,SMA / sederajat,JL. BABAKAN SARI NO. 68 KIARACONDONG KOTA BANDUNG,2,14,-,Babakan Sari,Kec. Kiaracondong,-6.9215,107.6562,Tidak ada,Tidak Aktif,Yayasan
20219289,SMKS BINA WARGA BANDUNG,SMK,SMA / sederajat,JL. BUAH BATU NO.135 BANDUNG,10,8,-,Turangga,Kec. Lengkong,-6.9365,107.6222,Tidak ada,Tidak Aktif,Yayasan
20219162,SMKS MERDEKA BANDUNG,SMK,SMA / sederajat,JL PAHLAWAN NO.54 BANDUNG,2,1,-,Neglasari,Kec. Cibeunying Kaler,-6.8969,107.635,Tidak ada,Tidak Aktif,Yayasan
20219728,SMAS BPK 2 PENABUR,SMA,SMA / sederajat,JL. DURSASANA NO. 8,2,5,-,Pamoyanan,Kec. Cicendo,-6.9042,107.6021,Tidak ada,Tidak Aktif,Yayasan
20219263,SMAS ALLOYSIUS 1,SMA,SMA / sederajat,JL. SULTAN AGUNG NO. 4,2,3,-,Citarum,Kec. Bandung Wetan,-5.4438,114.4211,Tidak ada,Tidak Aktif,Yayasan
20219284,SMK BUMI SILIWANGI,SMK,SMA / sederajat,JL. RANCABOLANG NO.48 B Margahayu Raya Bandung,1,4,Margahayu Raya,Sekejati,Kec. Buahbatu,-6.947,107.6625,Tidak ada,Tidak Aktif,Yayasan
20219166,SMKS MADYA BANDUNG,SMK,SMA / sederajat,JL.SEKELIMUS UTARA I NO.16,1,7,-,Batununggal,Kec. Bandung Kidul,-6.9467,107.6393,Tidak ada,Tidak Aktif,Yayasan
20219756,SMAS ANGKASA,SMA,SMA / sederajat,Jl. Lettu Subagio No. 22,2,11,-,Husen Sastranegara,Kec. Cicendo,-6.9062,107.583,Tidak ada,Tidak Aktif,Yayasan
20219811,SLB C SUKAPURA,Keaksaraan,SMA / sederajat,Komplek Bumi Asri Sukapura,4,4,,Sukapura,Kec. Kiaracondong,-6.9303,107.6544,"C1, D",Tidak Aktif,Yayasan
20280597,SLB AZ-ZAKIYAH,Keaksaraan,SMA / sederajat,Jl. Cijawura Hilir II No. 15,6,10,,Cijaura,Kec. Buahbatu,-6.9596,107.66,"C1, D",Tidak Aktif,Yayasan
20280598,SLB AUTIS PRANANDA,Keaksaraan,SMA / sederajat,Jl. BUANA MEKAR  1 NO.16  LOGAM,0,0,,Kujangsari,Kec. Bandung Kidul,-6.9577,107.6451,"C1, D",Tidak Aktif,Yayasan
20219305,SMKS AQUA VITAE,SMK,SMA / sederajat,TERUSAN BOROBUDUR NO.1-4,3,1,-,Cibaduyut Kidul,Kec. Bojong Loa Kidul,-6.9584,107.5915,Tidak ada,Tidak Aktif,Yayasan
20272029,SMKS BAKTI PERSADA,SMK,SMA / sederajat,Jalan Nagrog 3,3,6,Pasanggrahan,Pasirjati,Kec. Ujungberung,-6.9122,107.7047,Tidak ada,Tidak Aktif,Yayasan
20219766,SMAS PASUNDAN 2 BANDUNG,SMA,SMA / sederajat,Jl. Cihampelas No. 167,1,5,Cihampelas,Cipaganti,Kec. Coblong,-6.8904,107.6041,Tidak ada,Tidak Aktif,Yayasan
20219146,SMKN 2 BANDUNG,SMK,SMA / sederajat,JL. CILIWUNG NO. 4,2,3,Cihapit,Cihapit,Kec. Bandung Wetan,-6.9059,107.6236,Tidak ada,Aktif,Pemerintah Daerah
20219273,SMAS YPKKP BANDUNG,SMA,SMA / sederajat,JL. CIJERAH NO. 230,5,5,-,Cijerah,Kec. Bandung Kulon,-6.9274,107.5651,Tidak ada,Tidak Aktif,Yayasan
20219267,SMAS RAJAWALI,SMA,SMA / sederajat,JL. ANDIR NO.117 A/78 BANDUNG,9,10,-,Ciroyom,Kec. Andir,-6.9132,107.5838,Tidak ada,Tidak Aktif,Yayasan
20269309,SMKS FARMASI BPK PENABUR,SMK,SMA / sederajat,JL.RAYA CIBEUREUM NO.92,1,5,Campaka,Campaka,Kec. Andir,-6.9128,107.5659,Tidak ada,Tidak Aktif,Yayasan
20219157,SMKS PELITA BANDUNG,SMK,SMA / sederajat,JL. CIKUTRA NO. 9,3,2,-,Sukapada,Kec. Cibeunying Kidul,-6.8967,107.6446,Tidak ada,Tidak Aktif,Yayasan
20265533,SMKS MADANI,SMK,SMA / sederajat,JL. BABAKAN TAROGONG BLK NO.38,4,4,Bojongloa Kaler,Babakan Asih,Kec. Bojong Loa Kaler,-6.9356,107.5941,Tidak ada,Tidak Aktif,Yayasan
20265518,SMAS ALFA CENTAURI,SMA,SMA / sederajat,JL. Diponegoro No. 48,1,9,-,Cihaurgeulis,Kec. Cibeunying Kaler,-6.9012,107.6244,"C1, D",Tidak Aktif,Yayasan
20219749,SMAS 19 BUMI SIL,SMA,SMA / sederajat,JL.SADANG KIDUL,1,10,Sadang Serang,Sekeloa,Kec. Coblong,-6.8897,107.6273,Tidak ada,Tidak Aktif,Yayasan
20219795,SMAS KALAM KUDUS,SMA,SMA / sederajat,JL. MEKAR PUSPITA NO.  53 - 55,3,5,Komplek Perumahan Mekar Wangi,Cibaduyut,Kec. Bojong Loa Kidul,-6.9662,107.5976,Tidak ada,Tidak Aktif,Yayasan
20219138,SMKS OTO ISKANDARDINATA BANDUNG,SMK,SMA / sederajat,JL. TAMANSARI NO.3,3,1,#name?,Karang Anyar,Kec. Astanaanyar,-6.9204,107.6091,Tidak ada,Tidak Aktif,Yayasan
20257154,SMKS UNGGULAN TERPADU PGII,SMK,SMA / sederajat,PAHLAWAN BLK NO 17 BANDUNG,7,6,-,Cihaurgeulis,Kec. Cibeunying Kaler,-6.9007,107.6335,"C1, D",Tidak Aktif,Yayasan
20219176,SMKN 10 BANDUNG,SMK,SMA / sederajat,JL. CIJAWURA HILIR NO. 339,6,12,-,Cijaura,Kec. Buahbatu,-6.9629,107.6585,Tidak ada,Aktif,Pemerintah Daerah
20275329,SMKS NURUL HIDAYAH ,SMK,SMA / sederajat,JALAN RANDUSARI V NO. 05 RT 03/17,3,17,-,Antapani Kidul,Kec. Antapani,-6.9225,107.6654,Tidak ada,Tidak Aktif,Yayasan
20271622,SMKS TERPADU AD DIMYATI,SMK,SMA / sederajat,JL . KH. WAHID HASYIM (KOPO) NO. 433,8,7,-,Kebon Lega,Kec. Bojong Loa Kidul,-6.9501,107.5871,Tidak ada,Tidak Aktif,Yayasan
69946479,SMA EDU GLOBAL,SMA,SMA / sederajat,Jl. Kalimantan No. 7,3,1,Merdeka,Merdeka,Kec. Sumur Bandung,,,Tidak ada,Tidak Aktif,Yayasan
20219243,SMAN 11 BANDUNG,SMA,SMA / sederajat,JL. KEMBAR BARU NO.23 BANDUNG,2,4,-,Cigereleng,Kec. Regol,-6.9435,107.6172,Tidak ada,Aktif,Pemerintah Daerah
20219163,SMKS MEDINA BANDUNG,SMK,SMA / sederajat,JL. BANTENG NO.13-15,8,5,-,Burangrang,Kec. Lengkong,-6.929,107.6189,Tidak ada,Tidak Aktif,Yayasan
20219872,SLB C Karya Bakti,Keaksaraan,SMA / sederajat,Jl Cikutra No 58,4,8,,Padasuka,Kec. Cibeunying Kidul,-6.897,107.6438,"C,C1",Tidak Aktif,Yayasan
20219879,SLB BC HIKMAT,Keaksaraan,SMA / sederajat,Jl. SMPN 18 Gg. Sukamenak II No. 297,7,2,,Margasari,Kec. Buahbatu,-6.9523,107.6522,"C1, D",Tidak Aktif,Yayasan
20219880,SLBS GEMILANG,Keaksaraan,SMA / sederajat,Jl. Aki Padma No. 7 Rt. 05/08,5,8,,Babakan,Kec. Babakan Ciparay,-6.9293,107.5865,"C1, D",Tidak Aktif,Yayasan
20280596,SLB BC YPLAB CIBADUYUT,Keaksaraan,SMA / sederajat,"Jl.Cibaduyut, Gg.M.A Majja No.4",3,5,,Cibaduyut,Kec. Bojong Loa Kidul,-6.954365,107.601075,"A,B,C,C1",Tidak Aktif,Yayasan
20219864,SLB B SILIH ASIH,Keaksaraan,SMA / sederajat,Jl. Embah Jaksa Cipadung,5,12,Cipadung,Cipadung,Kec. Cibiru,-6.925,107.7161,"C1, D",Tidak Aktif,Yayasan
20219806,SMAS MUHAMMADIYAH 2,SMA,SMA / sederajat,JL. SARI WETES RAYA NO.6,1,14,-,Antapani Kidul,Kec. Antapani,-6.9177,107.6556,Tidak ada,Tidak Aktif,Yayasan
20219226,SMKS YP 17 BANDUNG,SMK,SMA / sederajat,JL. BABAKAN SURABAYA RT 5 RW 11,5,11,-,Babakan Surabaya,Kec. Kiaracondong,-6.9188,107.6517,Tidak ada,Tidak Aktif,Yayasan
20219154,SMKS PGRI BANDUNG,SMK,SMA / sederajat,KENCANA WANGI UTARA,10,13,,Cijaura,Kec. Buahbatu,-6.9591,107.6522,Tidak ada,Tidak Aktif,Yayasan
60728750,SMKS BANDUNG UTARA ,SMK,SMA / sederajat,JL. NURSAID NO. 14 PUNGKUR,1,3,-,Cibaduyut,Kec. Bojong Loa Kidul,-6.9584,107.5915,Tidak ada,Tidak Aktif,Yayasan
20255394,SMKS YAPARI AKTRIPA,SMK,SMA / sederajat,JL.PROF.DR.IR.SUTAMI NO.81-83,4,2,-,Sukarasa,Kec. Sukasari,-6.8781,107.5885,Tidak ada,Tidak Aktif,Yayasan
20272032,SMKS CIPTA SKILL,SMK,SMA / sederajat,CIKRUTA BARU RAYA NO.28,8,6,-,Neglasari,Kec. Cibeunying Kaler,-6.8958,108.0,Tidak ada,Tidak Aktif,Yayasan
20219141,SMKN 7 BANDUNG,SMK,SMA / sederajat,JL. SOEKARNO-HATTA NO. 596,10,4,-,Sekejati,Kec. Buahbatu,-6.9405,107.6602,Tidak ada,Aktif,Pemerintah Daerah
20219762,SMAS PMB,SMA,SMA / sederajat,JL. ARCAMANIK RT 02/01,2,1,-,Sindang Jaya,Kec. Mandalajati,-6.905,107.6844,Tidak ada,Tidak Aktif,Yayasan
20265528,SMKS BINA PROFESI,SMK,SMA / sederajat,CISARANTEN WETAN I NO. 138,4,5,-,Cisaranten Wetan,Kec. Cinambo,-6.9161,107.6827,Tidak ada,Tidak Aktif,Yayasan
20219164,SMK MAARIF BANDUNG,SMK,SMA / sederajat,JL TERUSAN GALUNGGUNG NO.9 BANDUNG,6,4,-,Lingkar Selatan,Kec. Lengkong,-6.9258,107.6259,Tidak ada,Tidak Aktif,Yayasan
20265516,SMAN 27 BANDUNG,SMA,SMA / sederajat,Jl. Raya Utsman Bin Affan No. 1,3,2,-,Rancanumpang,Kec. Gedebage,-6.9592,107.7073,Tidak ada,Aktif,Pemerintah Daerah
20219788,SMAS LANGLANGBUANA,SMA,SMA / sederajat,JL. DR. SAHARDJO,2,7,-,Sukamiskin,Kec. Arcamanik,-6.9071,107.6758,Tidak ada,Tidak Aktif,Yayasan
69923504,SMK TI GARUDA NUSANTARA,SMK,SMA / sederajat,Jl. Kampus I No. 39,1,8,,Babakan Sari,Kec. Kiaracondong,,,Tidak ada,Tidak Aktif,Yayasan
20219873,SLB BC BANDUNG RAYA,Keaksaraan,SMA / sederajat,Jl. H. Kurdi II / IV No. 318,3,1,,Karasak,Kec. Astanaanyar,-6.9464,107.6164,"C1, D",Tidak Aktif,Yayasan
20219776,SMAS PLUS AL GHIFARI BANDUNG,SMA,SMA / sederajat,JL. CISARANTEN KULON NO. 140,2,7,Cisaranten,Cisaranten Kulon,Kec. Arcamanik,-6.9246,107.6846,Tidak ada,Tidak Aktif,Yayasan
20219296,SMKS KARYA BHAKTI,SMK,SMA / sederajat,JL. MANGLAYANG IV CILENGKRANG II CIBIRU,3,6,Cilengkrang Ii,Palasari,Kec. Cibiru,-6.9217,107.7161,Tidak ada,Tidak Aktif,Yayasan
20219246,SMAN 19 BANDUNG,SMA,SMA / sederajat,JL. DAGO POJOK,1,3,-,Dago,Kec. Coblong,-6.8742,107.6189,Tidak ada,Aktif,Pemerintah Daerah
20219275,SMAS YPS,SMA,SMA / sederajat,JL. KOPO / PAKASIH N0.10,5,7,-,Kebon Lega,Kec. Bojong Loa Kidul,-6.9502,107.5878,Tidak ada,Tidak Aktif,Yayasan
20219720,SMAS DARUL HIKAM BANDUNG,SMA,SMA / sederajat,JL. TUBAGUS ISMAIL DP. NO. 78,0,0,Sekeloa,Sekeloa,Kec. Coblong,-6.8837,107.6159,Tidak ada,Tidak Aktif,Yayasan
20219732,SMAS KIFAYATUL ACHYAR,SMA,SMA / sederajat,JL. AH. NASUTION KM. 14,2,10,-,Cipadung,Kec. Cibiru,-6.9334,107.7168,Tidak ada,Tidak Aktif,Yayasan
20219784,SMAS PELITA BANGSA,SMA,SMA / sederajat,JL. SOEKARNO HATTA NO. 391 ,4,11,-,Karasak,Kec. Astanaanyar,-6.942413,107.607858,"C1, D",Tidak Aktif,Yayasan
20219170,SMKS KIMIA PERMENTASI,SMK,SMA / sederajat,JL. KOPO BELAKANG NO. 401,7,5,-,Kebon Lega,Kec. Bojong Loa Kidul,-6.9487,107.5892,Tidak ada,Tidak Aktif,Yayasan
20265544,SMK SUMATRA 40,SMK,SMA / sederajat,JL PAHLAWAN NO.21 BANDUNG,7,6,-,Cihaurgeulis,Kec. Cibeunying Kaler,-6.9001,107.6341,Tidak ada,Tidak Aktif,Yayasan
20219730,SMAS BPK 1 PENABUR BANDUNG,SMA,SMA / sederajat,Jalan Dursasana 2-6,2,5,Pamoyanan,Pamoyanan,Kec. Cicendo,-6.9058,107.6054,Tidak ada,Tidak Aktif,Yayasan
20219786,SMAS NUGRAHA BANDUNG,SMA,SMA / sederajat,JL. PLN DALAM NO. 4,2,5,-,Ciseureuh,Kec. Regol,-6.9513,107.6115,Tidak ada,Tidak Aktif,Yayasan
20219233,SMAN 26 BANDUNG,SMA,SMA / sederajat,JL. SUKALUYU,12,6,Cipadung,Pasir Biru,Kec. Cibiru,-6.9173,107.7253,Tidak ada,Aktif,Pemerintah Pusat
20219285,SMKS DHYANA SAKTI BANDUNG,SMK,SMA / sederajat,JL AHMAD YANI 107 A,2,11,Kebon Pisang,Kebon Pisang,Kec. Sumur Bandung,-6.9201,107.621,Tidak ada,Tidak Aktif,Yayasan
20219299,SMKS INFORMATIKA BANDUNG,SMK,SMA / sederajat,JL. SOEKARNO HATTA NO. 623,1,10,Sukapura,Sukapura,Kec. Kiaracondong,-6.9434,107.6471,"C1, D",Tidak Aktif,Yayasan
20265536,SMKS MUHAMMADIYAH 4 BANDUNG,SMK,SMA / sederajat,"RAYA CILEMBER, GG. BUNI SUGIH",3,4,-,Sukaraja,Kec. Cicendo,-6.9028,107.5862,Tidak ada,Tidak Aktif,Yayasan
20219744,SLB JATIS HURIP,Keaksaraan,SMA / sederajat,Komplek Pasir Pogor Jl. Pasir Intan No. 4,6,8,Mekarjaya,Mekarjaya,Kec. Rancasari,-6.9607,107.6617,"C1, D",Tidak Aktif,Yayasan
20219737,SMAS BPI 2 BANDUNG,SMA,SMA / sederajat,JL. BURANGRANG NO. 8,1,4,-,Burangrang,Kec. Lengkong,-6.924,107.6191,Tidak ada,Tidak Aktif,Yayasan
20219215,SMKS R A KARTINI,SMK,SMA / sederajat,KARTINI NO. 12,3,8,-,Kebon Pisang,Kec. Sumur Bandung,-6.9185,107.6176,Tidak ada,Tidak Aktif,Yayasan
20219304,SMKS BANDUNG SELATAN 1 BANDUNG,SMK,SMA / sederajat,JL. TRSN. BOROBUDUR NO. 1-4,4,4,Cibaduyut,Cibaduyut Kidul,Kec. Bojong Loa Kidul,-6.9584,107.5914,Tidak ada,Tidak Aktif,Yayasan
20219318,SMKS ANGKASA HUSEIN S BANDUNG,SMK,SMA / sederajat,LETTU SUBAGIO NO 22,2,11,-,Husen Sastranegara,Kec. Cicendo,-6.9058,107.5828,Tidak ada,Tidak Aktif,Yayasan
20269170,SMAS BINTANG MULIA,SMA,SMA / sederajat,JL. MEKAR KENCANA NO.1,1,4,-,Mekar Wangi,Kec. Bojong Loa Kidul,-6.9549,108.0,Tidak ada,Tidak Aktif,Yayasan
20219309,SMAN 5 BANDUNG,SMA,SMA / sederajat,JL. BELITUNG NO 8,4,1,-,Merdeka,Kec. Sumur Bandung,-6.912,107.6154,Tidak ada,Aktif,Pemerintah Daerah
20272025,SMKS DAARUT TAUHIID,SMK,SMA / sederajat,Jl. Gegerkalong Girang Komp. Setiabudhi Indah Kav 25-26,0,0,-,Gegerkalong,Kec. Sukasari,-6.8642,107.5895,Tidak ada,Tidak Aktif,Yayasan
20265538,SMKS PAJAJARAN BANDUNG,SMK,SMA / sederajat,PAJAJARAN BLK NO.37,4,4,,Pasirkaliki,Kec. Cicendo,-6.9066,107.577,Tidak ada,Tidak Aktif,Yayasan
20247286,SMAS NASIONAL,SMA,SMA / sederajat,JL.SADANG SERANG,9,14,-,Sekeloa,Kec. Coblong,-6.8864,107.626,Tidak ada,Tidak Aktif,Yayasan
69935558,SMA TEMASEK INDEPENDENT SCHOOL,SMA,SMA / sederajat,Jl. Sindang Sirna No. 8,3,5,Gegerkalong,Sarijadi,Kec. Sukasari,,,Tidak ada,Tidak Aktif,Yayasan
20253392,SMKS NUSANTARA RAYA,SMK,SMA / sederajat,ANTAPANI NO.28,2,3,-,Cicaheum,Kec. Kiaracondong,-6.9183,107.6602,Tidak ada,Tidak Aktif,Yayasan
20219161,SMKN 13 BANDUNG,SMK,SMA / sederajat,JL. SOEKARNO-HATTA KM. 10 BANDUNG,6,9,-,Jati Sari,Kec. Buahbatu,-6.9404,107.657,Tidak ada,Aktif,Pemerintah Pusat
20265525,SMKS BINA INSAN MULIA,SMK,SMA / sederajat,SUKASENANG VI NO.27,1,13,-,Cikutra,Kec. Cibeunying Kidul,-6.8848,107.6215,"C1, D",Tidak Aktif,Yayasan
20219250,SMAN 22 BANDUNG,SMA,SMA / sederajat,JL. RAJAMANTRI KULON  NO 17A,5,5,-,Turangga,Kec. Lengkong,-6.9421,107.6311,Tidak ada,Aktif,Pemerintah Pusat
20272026,SMKS MVP ARS INTERNASIONAL,SMK,SMA / sederajat,"Jl, Sekolah Internasional No. 1-6",7,7,Cicaheum,Cicaheum,Kec. Kiaracondong,-6.9114,107.6497,Tidak ada,Tidak Aktif,Yayasan
20219239,SMAN 14 BANDUNG,SMA,SMA / sederajat,JL. YUDHASTU PRAMUKA,4,13,-,Cicadas,Kec. Cibeunying Kidul,-6.9029,107.6355,Tidak ada,Aktif,Pemerintah Daerah
20219715,SMAS BPK 3 PENABUR BANDUNG,SMA,SMA / sederajat,JL. RAYA CIBEUREUM NO. 92,0,0,-,Campaka,Kec. Andir,,,Tidak ada,Tidak Aktif,Yayasan
20219260,SMAS SUMATERA 40-2 BANDUNG,SMA,SMA / sederajat,JL. PAHLAWAN NO. 71,7,6,-,,Kec. Cibeunying Kaler,-6.9001,107.634,Tidak ada,Tidak Aktif,Yayasan
20272030,SMKS PLUS MUHAJIRIN,SMK,SMA / sederajat,PADASUKA BLK NO. 192,6,1,-,Pasirlayung,Kec. Cibeunying Kidul,-6.896,107.6592,Tidak ada,Tidak Aktif,Yayasan
20219237,SMAN 16 BANDUNG,SMA,SMA / sederajat,JL. MEKARSARI NO. 81,1,16,Babakan Sari,Babakan Sari,Kec. Kiaracondong,-6.9265,107.6568,Tidak ada,Aktif,Pemerintah Daerah
20219770,SMAS PAHLAWAN TOHA,SMA,SMA / sederajat,JL. PETA LINGKAR SELATAN,9,1,-,Suka Asih,Kec. Bojong Loa Kaler,-6.9363,108.0,Tidak ada,Tidak Aktif,Yayasan
20219801,SMAS MUTIARA 1,SMA,SMA / sederajat,JL. MALEBER UTARA NO. 37,3,4,-,Garuda,Kec. Andir,-6.9074,107.5782,Tidak ada,Tidak Aktif,Yayasan
20272027,SMKS YASRI,SMK,SMA / sederajat,JL. CIGENDING NO. 21 UJUNG BERUNG,1,11,Cipicung,Pasir Wangi,Kec. Ujungberung,-6.907,107.7044,Tidak ada,Tidak Aktif,Yayasan
20219303,SMKS BANDUNG SELATAN 2,SMK,SMA / sederajat,JL. TERUSAN BOROBUDUR N0. 1-4,4,4,-,Cibaduyut Kidul,Kec. Bojong Loa Kidul,-6.959,107.5923,Tidak ada,Tidak Aktif,Yayasan
20219739,SMAS BINA DHARMA 2 BANDUNG,SMA,SMA / sederajat,JL. BABAKAN SARI KIARACONDONG,9,11,-,Babakan Sari,Kec. Kiaracondong,-6.9253,107.6552,Tidak ada,Tidak Aktif,Yayasan
20219805,SMAS MUHAMMADIYAH 3,SMA,SMA / sederajat,JL. BANTENG DALAM NO. 6,7,10,-,Burangrang,Kec. Lengkong,-6.9328,107.6242,Tidak ada,Tidak Aktif,Yayasan
20219259,SMAS SWADAYA BANDUNG,SMA,SMA / sederajat,JL. TERUSAN PASIR KODJA NO. 181,7,5,-,Babakan Tarogong,Kec. Bojong Loa Kaler,-6.926,107.5881,Tidak ada,Tidak Aktif,Yayasan
20219324,SMAN 9 BANDUNG,SMA,SMA / sederajat,LMU I SUPARMIN NO. I A BANDUNG,1,5,Pajajaran,Pajajaran,Kec. Cicendo,-6.901,107.5858,Tidak ada,Aktif,Pemerintah Daerah
20247281,SMAS SUMATRA 40-1,SMA,SMA / sederajat,JL. PAHLAWAN NO. 21,7,6,-,Cihaurgeulis,Kec. Cibeunying Kaler,-6.9001,107.6337,Tidak ada,Tidak Aktif,Yayasan
20275334,SMKS GANTRA,SMK,SMA / sederajat,JL. CINANGKA NO. 131,3,5,,Pasir Wangi,Kec. Ujungberung,-6.9109,107.7047,Tidak ada,Tidak Aktif,Yayasan
20265534,SMKS MEDIKACOM,SMK,SMA / sederajat,Jl. Soekarno Hatta No. 597,3,10,-,Kebon Kangkung,Kec. Kiaracondong,-6.943,107.6457,Tidak ada,Tidak Aktif,Yayasan
20219774,SMAS PASUNDAN 8 BANDUNG,SMA,SMA / sederajat,JL. CIHAMPELAS NO. 167,4,1,-,Cipaganti,Kec. Coblong,-6.8908,107.604,Tidak ada,Tidak Aktif,Yayasan
20219261,SMAS SEBELAS MARET,SMA,SMA / sederajat,JL. DENKI SELATAN V NO. 28,5,2,-,Ciseureuh,Kec. Regol,-6.9465,107.6114,Tidak ada,Tidak Aktif,Yayasan
20219765,SMAS PASUNDAN 3 BANDUNG,SMA,SMA / sederajat,JL. KEBON JATI NO. 31,4,3,Kebon Jati,Kebon Jeruk,Kec. Andir,-6.9162,107.601,Tidak ada,Tidak Aktif,Yayasan
20280593,SLB NEGERI A PAJAJARAN,Keaksaraan,SMA / sederajat,Jl. Pajajaran No. 50,6,3,,Pasirkaliki,Kec. Cicendo,-6.911868,107.594259,A - Tuna netra,Aktif,Pemerintah Daerah
20219320,SMKS AL FALAH BANDUNG,SMK,SMA / sederajat,JL.CISITU BARU 52,7,11,-,Dago,Kec. Coblong,-6.8831,107.613,Tidak ada,Tidak Aktif,Yayasan
20219865,SLB AUTISME PELITA HAFIZH,Keaksaraan,SMA / sederajat,Jl. Kota Baru I No.4 Bandung,4,4,,Ciateul,Kec. Regol,-6.9352,107.6178,"C1, D",Tidak Aktif,Yayasan
20219859,SLB C ASIH MANUNGGAL,Keaksaraan,SMA / sederajat,Jl. Singa Perbangsa,7,7,,Lebak Gede,Kec. Coblong,-6.8958,107.6233,"C,C1",Tidak Aktif,Yayasan
20265526,SMKS BPI BANDUNG,SMK,SMA / sederajat,BURANGRANG NO.8,4,1,-,Burangrang,Kec. Lengkong,-6.9238,107.62,Tidak ada,Tidak Aktif,Yayasan
20219270,SMAS KRIDA NUSANTARA,SMA,SMA / sederajat,JL. DESA CIPADUNG CIBIRU-BANDUNG,6,12,-,Cipadung,Kec. Cibiru,-6.9157,107.7269,Tidak ada,Tidak Aktif,Yayasan
20219717,SMAS INDONESIA RAYA BANDUNG,SMA,SMA / sederajat,JL. PROF. SURIA SUMANTRI NO. 33B,4,5,,Sukawarna,Kec. Sukajadi,-6.889,107.5809,Tidak ada,Tidak Aktif,Yayasan
20219213,SMK PELITA 2,SMK,SMA / sederajat,JL BABAKAN SURABAYA NO. 24,5,11,-,Babakan Surabaya,Kec. Kiaracondong,-6.9181,107.6294,Tidak ada,Tidak Aktif,Yayasan
20265543,SMKS SETIA BHAKTI,SMK,SMA / sederajat,JL KAWALUYAAN,6,6,-,Jati Sari,Kec. Buahbatu,-6.9378,107.6621,"C1, D",Tidak Aktif,Yayasan
20219174,SMKN 12 BANDUNG,SMK,SMA / sederajat,Jl. Pajajaran No. 92,2,2,,Pamoyanan,Kec. Cicendo,-6.907,107.5928,Tidak ada,Aktif,Pemerintah Daerah
20219143,SMKN 5 BANDUNG,SMK,SMA / sederajat,JL. BOJONGKONENG NO.37A BANDUNG,1,13,-,Sukapada,Kec. Cibeunying Kidul,-6.9001,107.6469,Tidak ada,Aktif,Pemerintah Pusat
69894963,SMK Bahagia,SMK,SMA / sederajat,Jl. Kliningan 3 No. 11,3,3,,Turangga,Kec. Lengkong,-6.943714,107.631336,Tidak ada,Tidak Aktif,Yayasan
20219212,SMKS SMIP YPPT BANDUNG,SMK,SMA / sederajat,JL SUKABUMI DALAM 3 BANDUNG,5,6,Kacapiring,Kacapiring,Kec. Batununggal,-6.916,107.6348,Tidak ada,Tidak Aktif,Yayasan
20219734,SMAS KEMAH IND 2,SMA,SMA / sederajat,JL.SADANG SERANG,3,13,-,Sekeloa,Kec. Coblong,-6.8878,107.6252,Tidak ada,Tidak Aktif,Yayasan
20219775,SMAS PLUS MUTHAHHARI,SMA,SMA / sederajat,JL. KAMPUS 2 NO. 13-20,2,8,-,Babakan Sari,Kec. Kiaracondong,-6.9163,107.655,Tidak ada,Tidak Aktif,Yayasan
20219800,SMAS MAARIF BANDUNG,SMA,SMA / sederajat,JL. GALUNGGUNG NO. 9,6,4,-,Lingkar Selatan,Kec. Lengkong,-6.9279,107.6252,Tidak ada,Tidak Aktif,Yayasan
20219738,SMAS BPI 1 BANDUNG,SMA,SMA / sederajat,JL. BURANGRANG NO. 8,4,1,,Burangrang,Kec. Lengkong,-6.9238,107.62,Tidak ada,Tidak Aktif,Yayasan
20219148,SMKS PASUNDAN 2 BANDUNG,SMK,SMA / sederajat,PELITA KARYA 1 NO.2,4,3,-,Maleber,Kec. Andir,-6.9066,107.5719,Tidak ada,Tidak Aktif,Yayasan
20275331,SMK PUTRA NASIONAL,SMK,SMA / sederajat,JL. BABAKAN TAROGONG NO. 119 E,6,4,-,Suka Asih,Kec. Bojong Loa Kaler,-6.9331,107.6,Tidak ada,Tidak Aktif,Lainnya
20219248,SMAN 24 BANDUNG,SMA,SMA / sederajat,JL. A.H. NASUTION NO. 27,1,1,-,Pasir Endah,Kec. Ujungberung,-6.9084,107.6884,Tidak ada,Aktif,Pemerintah Daerah
20279815,SMKS BINA DHARMA,SMK,SMA / sederajat,BABAKAN SARI 1 NO.131 KIARA CONDONG BANDUNG,9,11,-,Babakan Sari,Kec. Kiaracondong,-6.915,107.6561,Tidak ada,Tidak Aktif,Yayasan
20219807,SMAS MUHAMMADIYAH 1,SMA,SMA / sederajat,JL. KANCIL,1,11,-,Malabar,Kec. Lengkong,-6.9127,107.5804,Tidak ada,Tidak Aktif,Yayasan
20219159,SMKN 15 BANDUNG,SMK,SMA / sederajat,JALAN JENDRAL GATOT SUBROTO NO.4,5,1,-,Burangrang,Kec. Lengkong,-6.9228,107.6185,Tidak ada,Aktif,Pemerintah Daerah
20219142,SMKN 6 BANDUNG,SMK,SMA / sederajat,JL. SOEKARNO-HATTA (RIUNG BANDUNG),5,10,-,Cisaranten Kidul,Kec. Gedebage,-6.8674,107.5815,Tidak ada,Aktif,Pemerintah Daerah
20219262,SMAS ALLOYSIUS 2,SMA,SMA / sederajat,JL. BATUNUNGGAL INDAH II NO. 30,1,5,Mengger,Mengger,Kec. Bandung Kidul,-6.9597,107.6343,Tidak ada,Tidak Aktif,Yayasan
20219274,SMAS YPI,SMA,SMA / sederajat,JL. MUHAMMAD NO. 17,6,6,Pamoyanan,Pamoyanan,Kec. Cicendo,-6.9014,107.5956,Tidak ada,Tidak Aktif,Yayasan
20219151,SMKS PRAKARYA INTERNASIONAL 1 BANDUNG,SMK,SMA / sederajat,JL.INHOFFTANK 146,4,8,-,Pelindung Hewan,Kec. Astanaanyar,-6.9404,107.6033,Tidak ada,Tidak Aktif,Yayasan
20265517,SMAS AL ISLAM,SMA,SMA / sederajat,JL. CILENGKRANG I,5,6,Cigagak,Cisurupan,Kec. Cibiru,-6.9092,107.723,Tidak ada,Tidak Aktif,Yayasan
20265524,SMKS BAKTI MANDIRI,SMK,SMA / sederajat,CIUMBULEUIT ATAS NO.48,3,3,Ciumbuleuit,Ciumbuleuit,Kec. Cidadap,-6.8612,107.6052,Tidak ada,Tidak Aktif,Yayasan
20219866,SLB ARRAHMAN,Keaksaraan,SMA / sederajat,Jl. Terusunan GBI no. 126,4,5,Bodogol,Mekarjaya,Kec. Rancasari,-6.957769,107.688615,"C1, D",Tidak Aktif,Yayasan
26017001,SLB NEGERI CICENDO,Keaksaraan,SMA / sederajat,Jl. Cicendo No. 2,3,1,,Babakan Ciamis,Kec. Sumur Bandung,-6.9149,107.6189,B - Tuna rungu,Aktif,Pemerintah Daerah
20219863,SLB B Sukapura ,Keaksaraan,SMA / sederajat,Jl. Sukapura No. 4,5,1,Sukapura,Sukapura,Kec. Kiaracondong,-6.936274,107.650743,"C1, D",Tidak Aktif,Yayasan
20219804,SMAS MUHAMMADIYAH 4,SMA,SMA / sederajat,JL. CILENGKRANG II NO. 7,1,8,-,Palasari,Kec. Cibiru,-6.9155,107.7179,Tidak ada,Tidak Aktif,Yayasan
20219875,SLB BC YPLAB WARTAWAN,Keaksaraan,SMA / sederajat,Jl. Komplek Wartawan Iv No 31a,5,5,,Turangga,Kec. Lengkong,-6.9402,107.6386,"C1, D",Tidak Aktif,Yayasan
20219790,SMAS LABORATORIUM - PERCONTOHAN UPI,SMA,SMA / sederajat,JL.SENJAYA GURU KAMPUS UPI BANDUNG,1,5,-,Isola,Kec. Sukasari,-6.8615,107.5926,Tidak ada,Tidak Aktif,Yayasan
20253086,SMAS PASUNDAN 9 BANDUNG,SMA,SMA / sederajat,JL. BABAKAN CIPARAY BKL NO. 5,1,11,-,Kopo,Kec. Bojong Loa Kaler,-6.9426,107.5851,Tidak ada,Tidak Aktif,Yayasan
20219272,SMAS YWKA,SMA,SMA / sederajat,JL.ELANG II NO.3,2,2,-,Garuda,Kec. Andir,-6.914,107.576,Tidak ada,Tidak Aktif,Yayasan
20219521,SMAS PURAGABAYA,SMA,SMA / sederajat,JL. H. YASIN TRSN. PASTEUR,9,2,-,Sukabungah,Kec. Sukajadi,-6.8958,107.5922,A - Tuna netra,Tidak Aktif,Yayasan
20219792,SMAS TRI MULIA,SMA,SMA / sederajat,JL. DJUNJUNAN NO. 105,3,2,-,Pajajaran,Kec. Cicendo,-6.8962,107.5894,Tidak ada,Tidak Aktif,Yayasan
20265542,SMKS PAJAJARAN 2 BANDUNG,SMK,SMA / sederajat,Jl. Banteng Dalam No.8A,10,7,-,Turangga,Kec. Lengkong,-6.9072,107.6024,Tidak ada,Tidak Aktif,Yayasan
20253131,SMKS BHAKTI KENCANA BANDUNG,SMK,SMA / sederajat,JL. SINDANGSARI NO. 100 UJUNG BERUNG BANDUNG,0,0,-,Cipadung Kulon,Kec. Panyileukan,-6.9178,107.7029,Tidak ada,Tidak Aktif,Yayasan
20219264,SMA SANTA MARIA 2,SMA,SMA / sederajat,JL. SULAKSANA BARU I NO. 18,6,7,-,Cicaheum,Kec. Kiaracondong,-6.9149,107.6339,Tidak ada,Tidak Aktif,Yayasan
20219253,SMAN 20 BANDUNG,SMA,SMA / sederajat,JL. CITARUM NO. 23,2,7,-,Citarum,Kec. Bandung Wetan,-6.9045,107.6224,Tidak ada,Aktif,Pemerintah Daerah
20255301,SMKS TADIKA PURI BANDUNG,SMK,SMA / sederajat,SOEKARNO HATTA NO.729,1,1,-,Jati Sari,Kec. Buahbatu,-6.9371,107.6679,Tidak ada,Tidak Aktif,Yayasan
20219787,SMAS MUTIARA 2 BANDUNG,SMA,SMA / sederajat,RAYA CIBEREUM NO. 10,1,1,Cibeurem,Campaka,Kec. Andir,-6.9141,107.5816,Tidak ada,Tidak Aktif,Yayasan
20219882,SLB C SILIH ASIH,Keaksaraan,SMA / sederajat,Jl. Embah Jaksa Cipadung,5,12,,Cipadung,Kec. Cibiru,-6.929701,107.706219,"C1, D",Tidak Aktif,Yayasan
20259612,SLB MUHAMMADIYAH CIPEDES,Keaksaraan,SMA / sederajat,Jl Sukagalih Gg. H. Gozali No. 119b,7,7,,Cipedes,Kec. Sukajadi,-6.895,107.5957,"C1, D",Tidak Aktif,Yayasan
20280595,SLB KASIH IBU,Keaksaraan,SMA / sederajat,Jl. Kopo Cirangrang Timur No.07,2,3,,Cirangrang,Kec. Babakan Ciparay,-6.9611,107.5944,"C1, D",Tidak Aktif,Yayasan
20219871,SLB C BUDAYA BANGSA,Keaksaraan,SMA / sederajat,Jl. CITARIP BARAT NO. 16 BLK,5,10,,Kopo,Kec. Bojong Loa Kaler,-6.9366,107.5954,"B,C,C1",Tidak Aktif,Yayasan
20265529,SMKS CHEMICA BANDUNG,SMK,SMA / sederajat,MUHAMAD NO.17 TERUSAN PASTEUR,6,6,-,Pamoyanan,Kec. Cicendo,-6.9015,107.5957,Tidak ada,Tidak Aktif,Lainnya
20219791,SMAS YAHYA,SMA,SMA / sederajat,JL. RE. MARTADINATA NO. 71A,3,7,-,Citarum,Kec. Bandung Wetan,-6.9054,107.6184,Tidak ada,Tidak Aktif,Yayasan
20219723,SMAS BPN,SMA,SMA / sederajat,JL.DESA CIPADUNG NO.213,0,0,,Cipadung,Kec. Cibiru,-6.9187,107.7174,Tidak ada,Tidak Aktif,Yayasan
20219731,SMAS BINA BHAKTI 1,SMA,SMA / sederajat,JL. BIMA NO. 9,5,4,-,Arjuna,Kec. Cicendo,-6.9122,107.5951,Tidak ada,Tidak Aktif,Yayasan
20219235,SMAN 17 BANDUNG,SMA,SMA / sederajat,JL. Tujuhbelas Caringin,1,6,-,Babakan Ciparay,Kec. Babakan Ciparay,-6.942,107.5749,Tidak ada,Aktif,Pemerintah Daerah
20219729,SMAS BINA BHAKTI 2,SMA,SMA / sederajat,JL. BIMA NO. 9,4,6,-,Arjuna,Kec. Cicendo,-6.9077,107.5842,Tidak ada,Tidak Aktif,Yayasan
20219181,SMKS MUSLIMIN 1 BANDUNG,SMK,SMA / sederajat,JL PATUHA NO.36 BANDUNG,9,2,-,Lingkar Selatan,Kec. Lengkong,-6.9326,107.62,Tidak ada,Tidak Aktif,Yayasan
20219167,SMKS LPPM 2 BANDUNG,SMK,SMA / sederajat,JL TERUSAN NILEM 49 BANDUNG,1,2,-,Pasirluyu,Kec. Regol,-6.9369,107.6191,Tidak ada,Tidak Aktif,Yayasan
69788548,SMKS BUANA KARYA,SMK,SMA / sederajat,Jl. CINAMBO NO. 3,1,5,Kelurahan Pakemitan Kecamatan Cinambo,Pakemitan,Kec. Cinambo,-6.9082,107.6015,"C1, D",Tidak Aktif,Yayasan
20265537,SMKS NASIONAL,SMK,SMA / sederajat,SADANG SERANG NO 17,9,14,-,Sekeloa,Kec. Coblong,-6.8908,107.6266,"C1, D",Tidak Aktif,Yayasan
20219761,SLB C SUMBER SARI,Keaksaraan,SMA / sederajat,Jl. Majalaya Ii No 29,2,9,,Antapani Wetan,Kec. Antapani,-6.913768,107.663158,"C,C1",Tidak Aktif,Yayasan
20219781,SMA PGII 2,SMA,SMA / sederajat,Jl. Pahlawan Blk. No. 17,7,6,Sukaluyu I,Cihaurgeulis,Kec. Cibeunying Kaler,-6.9004,107.6334,Tidak ada,Tidak Aktif,Yayasan
20280590,SLB SOLALIN,Keaksaraan,SMA / sederajat,Jl. Sarimanah Blok XII No 170,8,6,,Sarijadi,Kec. Sukasari,-6.8709,107.585,"C1, D",Tidak Aktif,Yayasan
20219722,SMAS BUDI ISTRI,SMA,SMA / sederajat,JL. MUJAHIDIN NO. 39,1,5,-,Burangrang,Kec. Lengkong,-6.939,107.6268,Tidak ada,Tidak Aktif,Yayasan
20219150,SMKS PRAKARYA INTERNASIONAL 2 BANDUNG,SMK,SMA / sederajat,JL INHOFFTANK NO.146 BANDUNG,4,8,-,Pelindung Hewan,Kec. Astanaanyar,-6.941,107.6037,Tidak ada,Tidak Aktif,Yayasan
69756151,SMKS GALUH PAKUAN,SMK,SMA / sederajat,JL. SADANG KIDUL III NO. 9 SADANG SERANG BANDUNG,2,3,Sadang Serang,Sekeloa,Kec. Coblong,-6.8894,107.6278,Tidak ada,Tidak Aktif,Yayasan
20219180,SMKS MUSLIMIN 2 BANDUNG,SMK,SMA / sederajat,JL PALASARI NO.9 BANDUNG,9,2,Lengkong,Lingkar Selatan,Kec. Lengkong,-6.9279,107.6243,Tidak ada,Tidak Aktif,Yayasan
20219291,SMKS ICB CINTA NIAGA BANDUNG,SMK,SMA / sederajat,JL. PAHLAWAN NO.19 B BANDUNG,7,6,Cihaurgeulis,Cihaurgeulis,Kec. Cibeunying Kaler,-6.8994,107.6334,Tidak ada,Tidak Aktif,Yayasan
20219721,SMAS BUNGA BANGSA BANDUNG,SMA,SMA / sederajat,JL. DAGO BENGKOK NO. 3,2,1,-,Ciumbuleuit,Kec. Cidadap,-6.8639,107.6213,Tidak ada,Tidak Aktif,Yayasan
20219288,SMKS BPP,SMK,SMA / sederajat,VAN DEVENTER NO.14 BANDUNG,2,3,-,Kebon Pisang,Kec. Sumur Bandung,-6.917,107.6159,Tidak ada,Tidak Aktif,Yayasan
20247287,SMAS BAITURRAHMAN,SMA,SMA / sederajat,JL. PROF. KHM. SYADELI HASAN NO. 44,1,7,-,Pasirjati,Kec. Ujungberung,-6.9086,107.706,Tidak ada,Tidak Aktif,Yayasan
20219244,SMAN 18 BANDUNG,SMA,SMA / sederajat,JL. MADESA SITUGUNTING,2,12,-,Kopo,Kec. Bojong Loa Kaler,-6.9386,107.5853,Tidak ada,Aktif,Pemerintah Pusat
20219277,SMAS YAS BANDUNG,SMA,SMA / sederajat,JL. PHH. HASAN MUSTAPA NO. 115,1,4,,Sukapada,Kec. Cibeunying Kidul,-6.901,107.6472,Tidak ada,Tidak Aktif,Lainnya
20219240,SMAN 13 BANDUNG,SMA,SMA / sederajat,JL. RAYA CIBEUREUM NO 52,5,4,-,Campaka,Kec. Andir,-6.9033,107.5648,Tidak ada,Aktif,Pemerintah Daerah
20258092,SMAS MUTIARA BUNDA,SMA,SMA / sederajat,JL. PADANG GOLF ARCAMANIK,4,1,-,Sukamiskin,Kec. Arcamanik,-6.9071,107.6758,"C1, D",Tidak Aktif,Yayasan
20265547,SMKS WIDYA DIRGANTARA BANDUNG,SMK,SMA / sederajat,JL.BOJONG RAYA 114 BANDUNG,4,5,-,Cibuntu,Kec. Bandung Kulon,-6.9265,107.567,Tidak ada,Tidak Aktif,Yayasan
20219764,SMAS PASUNDAN 4 BANDUNG,SMA,SMA / sederajat,JL.  CIJERAH,2,6,-,Cijerah,Kec. Bandung Kulon,-6.9156,107.5704,Tidak ada,Tidak Aktif,Yayasan
20219736,SMAS KARYA AGUNG,SMA,SMA / sederajat,JL. TERUSAN NILEM BARAT,2,1,-,Pasirluyu,Kec. Regol,-6.9355,107.6208,Tidak ada,Tidak Aktif,Yayasan
20265540,SMKS PASUNDAN 4,SMK,SMA / sederajat,JL CIKUTRA NO. 201,3,3,Cikutra,Neglasari,Kec. Cibeunying Kaler,-6.8955,107.6422,Tidak ada,Tidak Aktif,Yayasan
69895438,SMA Nehru Memorial School,SMA,SMA / sederajat,"Jl. Lembong 40 Bandung, Jawa Barat",4,6,Braga,Braga,Kec. Sumur Bandung,-6.921148,107.628188,Tidak ada,Tidak Aktif,Lainnya
20280589,SLB B TUT WURI HANDAYANI,Keaksaraan,SMA / sederajat,Jl Perumnas Cijerah 1 Blok V No.45,5,5,,Cijerah,Kec. Bandung Kulon,-6.9141,107.5798,"C1, D",Tidak Aktif,Yayasan
20219271,SMAN 1 BANDUNG,SMA,SMA / sederajat,H. JUANDA NO. 93,2,4,-,Lebak Siliwangi,Kec. Coblong,-6.8955,107.6128,Tidak ada,Aktif,Pemerintah Pusat
20219172,SMKS MUHAMMADIYAH 1 BANDUNG,SMK,SMA / sederajat,JL KANCIL NO.1 BANDUNG,1,11,-,Malabar,Kec. Lengkong,-6.9327,107.6201,Tidak ada,Tidak Aktif,Yayasan
20219145,SMKN 3 BANDUNG,SMK,SMA / sederajat,JL. SOLONTONGAN NO. 10,3,6,-,Turangga,Kec. Lengkong,-6.939,107.6265,Tidak ada,Aktif,Pemerintah Daerah
20219283,SMKS GANESHA BANDUNG,SMK,SMA / sederajat,JL.MOHAMAD TOHA NO.84,6,9,-,Pelindung Hewan,Kec. Astanaanyar,-6.9391,107.6061,Tidak ada,Tidak Aktif,Yayasan
20219268,SMAS TAMAN SISWA BANDUNG,SMA,SMA / sederajat,TAMAN SISWA NO. 4,1,9,-,Malabar,Kec. Lengkong,-6.9286,107.6205,Tidak ada,Tidak Aktif,Yayasan
20219238,SMAN 15 BANDUNG,SMA,SMA / sederajat,SARIMANIS NO. 01 SARIJADI BANDUNG,1,8,Sarijadi,Sukawarna,Kec. Sukajadi,-6.8727,107.5869,Tidak ada,Aktif,Pemerintah Pusat
20219796,SMAS KRISTEN HIDUP BARU,SMA,SMA / sederajat,JL.CIUMBULEUIT ATAS NO.160,1,2,-,Ciumbuleuit,Kec. Cidadap,-6.8657,107.606,Tidak ada,Tidak Aktif,Yayasan
20219297,SMKS KARTIKA SILIWANGI 1 BANDUNG,SMK,SMA / sederajat,JL ACEH NO 108 (BLK),0,0,Merdeka,Merdeka,Kec. Sumur Bandung,-6.9104,107.6258,Tidak ada,Tidak Aktif,Yayasan
20219316,SMAN 7 BANDUNG,SMA,SMA / sederajat,JL. LENGKONG KECIL NO. 53 ,3,2,-,Paledang,Kec. Lengkong,-6.9232,107.615,A - Tuna netra,Aktif,Pemerintah Daerah
69850868,SMA BANDUNG INDEPENDENT SCHOOL,SMA,SMA / sederajat,JL. SURYA SUMANTRI 61,0,0,,Sukawarna,Kec. Sukajadi,-6.8845,107.5807,"C1, D",Tidak Aktif,Yayasan
20219780,SMAS PGRI 1 BANDUNG,SMA,SMA / sederajat,JL. SUKAGALIH NO. 80,3,5,-,Sukagalih,Kec. Sukajadi,-6.893,107.5889,Tidak ada,Tidak Aktif,Yayasan
20219232,SMKS KIFAYATUL ACHYAR BANDUNG,SMK,SMA / sederajat,JL.A.H. NASUTION KM. 14 RT.02/10 Kota Bandung,2,10,Lio Selatan,Cipadung,Kec. Cibiru,-6.9256,107.7134,Tidak ada,Tidak Aktif,Yayasan
20219869,SLB B KARYA BHAKTI,Keaksaraan,SMA / sederajat,Jl. Persaudara No. 35,2,14,,Babakan Surabaya,Kec. Kiaracondong,-6.9153,107.6485,"C1, D",Tidak Aktif,Yayasan
20219266,SMAS ST ANGELA,SMA,SMA / sederajat,"JL. MERDEKA NO. 24, Bandung - Jawa Barat",3,6,Babakan Ciamis,Babakan Ciamis,Kec. Sumur Bandung,-6.9126,107.611,Tidak ada,Tidak Aktif,Yayasan
20219292,SMKS ICB CINTA TEKNIKA BANDUNG,SMK,SMA / sederajat,JL ATLAS TENGAH NO.2 BANDUNG,5,13,-,Babakan Surabaya,Kec. Kiaracondong,-6.9141,107.6459,Tidak ada,Tidak Aktif,Yayasan
20219306,SMAN 6 BANDUNG,SMA,SMA / sederajat,JL. PASIR KALIKI NO. 51,2,6,-,Arjuna,Kec. Cicendo,-6.9113,107.5978,Tidak ada,Aktif,Pemerintah Daerah
20219265,SMAS ST MARIA 1 BANDUNG,SMA,SMA / sederajat,JL. BENGAWAN NO. 6,1,7,-,Cihapit,Kec. Bandung Wetan,-6.9114,107.6315,Tidak ada,Tidak Aktif,Yayasan
20219210,SMKS TAMANSISWA BANDUNG,SMK,SMA / sederajat,JL. TAMANSISWA NO.4,1,9,-,Malabar,Kec. Lengkong,-6.9286,107.6205,Tidak ada,Tidak Aktif,Yayasan
20219182,SMKS MUHAMMADIYAH 3 BANDUNG,SMK,SMA / sederajat,GEDE BAGE SELATAN NO.20,1,3,-,Rancabolang,Kec. Gedebage,-6.943,107.6899,"C1, D",Tidak Aktif,Yayasan
20265548,SMKS YPF,SMK,SMA / sederajat,Jl. Cisaranten Kulon No. 105 Arcamanik Bandung,2,4,Cisaranten Kulon,Cisaranten Kulon,Kec. Arcamanik,-6.9205,107.6845,Tidak ada,Tidak Aktif,Yayasan
69759252,SMKS BINA SARANA CENDEKIA,SMK,SMA / sederajat,JL PHH MUSTOFA NO 25,1,3,-,Neglasari,Kec. Cibeunying Kaler,-6.9001,107.6439,Tidak ada,Tidak Aktif,Yayasan
20219767,SMAS PASUNDAN 1 BANDUNG,SMA,SMA / sederajat,Jl. Balonggede No. 28,8,4,-,Balong Gede,Kec. Regol,-6.9237,107.6075,Tidak ada,Tidak Aktif,Yayasan
20219716,SMAIT MIFTAHUL KHOIR,SMA,SMA / sederajat,JL. TUBAGUS ISMAIL VIII NO. 60,5,8,-,Dago,Kec. Coblong,-6.8846,107.6179,Tidak ada,Tidak Aktif,Yayasan
20219808,SMAS MEDINA BANDUNG,SMA,SMA / sederajat,JL. KH. AHMAD DAHLAN / BANTENG NO. 13-15,8,5,-,Burangrang,Kec. Lengkong,-6.929,107.6189,Tidak ada,Tidak Aktif,Yayasan
20219251,SMAN 21 BANDUNG,SMA,SMA / sederajat,RANCASAWO CIWASTRA,1,21,-,Margasari,Kec. Buahbatu,-6.9573,107.6716,Tidak ada,Aktif,Pemerintah Pusat
69882370,SMA PELITA NUSANTARA,SMA,SMA / sederajat,JL. PALEDANG NO 297 A RT 05/02,0,0,Cempaka,Campaka,Kec. Andir,-6.91819,107.587795,Tidak ada,Tidak Aktif,Yayasan
20219757,SMAS AL HADI,SMA,SMA / sederajat,JL. A .YANI KM. 7,1,2,-,Karang Pamulang,Kec. Mandalajati,-6.9037,107.6674,Tidak ada,Tidak Aktif,Yayasan
20253894,SMAK GAMALIEL,SMA,SMA / sederajat,JL. JEND SUDIRMAN NO. 205-207,5,1,-,Cibadak,Kec. Astanaanyar,-6.9202,107.5897,Tidak ada,Tidak Aktif,Yayasan
20219760,SMAS ADVENT CIMINDI BANDUNG,SMA,SMA / sederajat,JL. RAYA CIMINDI NO. 74,4,5,-,Campaka,Kec. Andir,-6.9068,107.5704,Tidak ada,Tidak Aktif,Yayasan
