Nama Lembaga,Jenis Satuan,No. NPSN/NILEK/  NILEM,Status,Alamat,Kelurahan,Kecamatan,PTK_LakiLaki,PTK_Perempuan,Siswa_LakiLaki,Siswa_Perempuan
BUNGA ALAMI,TK,20254852,Swasta,BABAKAN CIANJUR,Campaka,Andir,0,10,19,18
BUNGA HARAPAN,TK,20254855,Swasta,PALEDANG 25 RT. 01/02,Campaka,Andir,0,2,8,7
TAWEKAL,TK,20254850,Swasta,SAPTAMARGA CIBEUERUM,Campaka,Andir,0,3,7,17
NURSAADAH,TK,20254832,Swasta,ANDIR NO.23/78,Ciroyom,Andir,0,3,15,11
DAHLIA,TK,20254836,Swasta,JL. RAJAWALI TIMUR NO. 88,Ciroyom,Andir,0,3,37,24
MARIA BINTANG LAUT,TK,20254844,Swasta,KEBON JATI NO. 209,Ciroyom,Andir,0,9,55,54
AISYIYAH,TK,20254846,Swasta,JL. ANDIR GG. RI WINATA 316A,Dungus Cariang,Andir,0,4,27,33
PRASISTHA,TK,20254842,Swasta,JL. ANDIR RI WINATA NO. 15,Dungus Cariang,Andir,1,5,36,25
BPK PENABUR 638,TK,20254841,Swasta,JL. JENDRAL SUDIRMAN 638,Dungus Cariang,Andir,0,17,116,84
DWISAKTI,TK,20254843,Swasta,JL. LAKSMUD NURTANIO NO. 58,Garuda,Andir,3,7,31,32
MELATI,TK,20254856,Swasta,MALEBER UTARA 27,Garuda,Andir,0,3,9,17
YWKA,TK,20254834,Swasta,RAJAWALI NO 6,Garuda,Andir,1,4,27,16
PASUNDAN ISTRI,TK,20254835,Swasta,JL KEBON JERUK 196,Kebon Jeruk,Andir,0,3,15,12
ARISTA,TK,20254833,Swasta,JL KEBONJATI NO 43,Kebon Jeruk,Andir,0,3,3,2
BALA KESELAMATAN,TK,20254848,Swasta,JL. GARDU JATI,Kebon Jeruk,Andir,0,2,3,4
ARIESTA,TK,20254833,Swasta,JL. KEBON JATI 144/8A,Kebon Jeruk,Andir,0,3,6,3
TERATAI,TK,20254831,Swasta,JL. MALEBER BARAT NO. 15,Maleber,Andir,0,2,6,12
TERATAI 2,TK,20254859,Swasta,JL. SRIGUNTING 2 NO. 14A,Maleber,Andir,0,2,7,3
PSY CENTER,TK,20276827,Swasta,JL. INDRAMAYU NO. 31,Antapani Kidul,Antapani,0,5,4,6
ASY SYIFA 3,TK,20255120,Swasta,JL. RANDUSARI V,Antapani Kidul,Antapani,0,4,12,16
AISYIYAH 12,TK,20255125,Swasta,KADIPATEN RAYA NO. 4-6,Antapani Kidul,Antapani,0,12,54,59
NURUL IMAN,TK,20255446,Swasta,KARANG ASEM NO. 10 A,Antapani Kidul,Antapani,0,2,8,4
CENTER,TK,,Swasta,MANOKWARI NO. 22,Antapani Kidul,Antapani,0,5,10,6
PELITA 3,TK,20255128,Swasta,JL. CIBATU RAYA NO. 15,Antapani Tengah,Antapani,0,3,17,13
AL-MUNAWWARAOH,TK,20255124,Swasta,JL. DEPOK VI T. 04 RW. 04,Antapani Tengah,Antapani,0,3,11,11
TERATAI MAS,TK,69759458,Swasta,JL. PARAKAN MAS VII NO. 1,Antapani Tengah,Antapani,2,8,15,13
PERTIWI II,TK,20255118,Swasta,JL. SUBANG V NO. 3,Antapani Tengah,Antapani,0,6,31,33
CINEAS,TK,,Swasta,PURWAKARTA NO. 126,Antapani Tengah,Antapani,0,4,17,18
ISLAM MUTIARA HATI,TK,20255130,Swasta,TERUSAN CIKAJANG RAYA,Antapani Tengah,Antapani,0,11,17,20
GENERASI UNGGUL,TK,20255287,Swasta,TERUSAN KUNINGAN NO. 86,Antapani Tengah,Antapani,0,3,10,11
NURUS SA'ADAH,TK,20255129,Swasta,JL. A.H. NASUTION KM. 7 KAMPUNG BUNISARI RT. 02 RW. 07,Antapani Wetan,Antapani,0,3,10,10
AISYIYAH 20,TK,20255122,Swasta,JL. ANTAPANI TARUMASARI NO. 110 RT. 01 RW. 05,Antapani Wetan,Antapani,0,3,4,13
KARYA PUTRA 2,TK,20255119,Swasta,JL. SINDANGSARI 1,Antapani Wetan,Antapani,0,2,15,17
PLUS AL-MUSLIMUN,TK,69759459,Swasta,JL. SINDANGSARI 1 NO. 11 RT. 02 RW. 08,Antapani Wetan,Antapani,2,4,54,54
AISYIYAH 17,TK,20255127,Swasta,Jl. Tanjungsari Raya No. 2A,Antapani Wetan,Antapani,0,4,18,16
NURSALAM,TK,20255145,Swasta,CICUKANG NO. 56,Cisaranten Bina Harapan,Arcamanik,0,2,9,6
LARISSA,TK,20255144,Swasta,GOLF SELATAN III NO. 12,Cisaranten Bina Harapan,Arcamanik,0,3,17,23
PUTRA 1,TK,20255143,Swasta,JL. GOLF SELATAN VII NO. 25,Cisaranten Bina Harapan,Arcamanik,0,7,37,33
TKIT LOQMANUL HAKIM INSAN MADANI,TK,20255159,Swasta,CINGISED KOMP. GRIYACARAKA,Cisaranten endah,Arcamanik,0,11,48,37
ARRAUDHAH,TK,,Swasta,DIRGANTARA,Cisaranten endah,Arcamanik,1,3,,
SABILULUNGAN,TK,20255160,Swasta,JL PARAKANSAAT,Cisaranten endah,Arcamanik,0,1,18,18
SARAH SABRINA,TK,20255156,Swasta,PARAKAN SAAT,Cisaranten endah,Arcamanik,0,2,2,6
PRATISTHA,TK,20255155,Swasta,SKI AIR NO.10,Cisaranten endah,Arcamanik,0,8,14,10
BUNDA ASUH NANDA,TK,20255152,Swasta,TERJUN PAYUNG ,Cisaranten endah,Arcamanik,0,1,12,15
AL-HIKMAT,TK,,Swasta,CICUKANG,Cisaranten Kulon,Arcamanik,0,7,20,25
NUSA INDAH,TK,20255146,Swasta,CISARANTEN KULON,Cisaranten Kulon,Arcamanik,0,3,15,10
PERMATA BUNDA,TK,,Swasta,CISARANTEN KULON NO. 122 RT.02/07,Cisaranten Kulon,Arcamanik,0,4,12,8
ALBIRUNI GRIYA CARAKA,TK,,Swasta,JL CINGISED,Cisaranten Kulon,Arcamanik,0,3,18,9
PARIPURNA 2,TK,20255147,Swasta,PERMATA BUMI RAYA NO.25,Cisaranten Kulon,Arcamanik,0,12,25,24
EKA SAPUTRA,TK,20255158,Swasta,PURBALAYUNG BLOK D 32 KOMP. GURUMINDA,Cisaranten Kulon,Arcamanik,0,3,19,10
AISYIYAH 22,TK,20255157,Swasta,SUMBERSARI NO.65 RT.04 RW.08,Cisaranten Kulon,Arcamanik,1,4,15,15
BADAK PUTIH,TK,20255149,Swasta,ARCAMANIK ENDAH NO.3,Sukamiskin,Arcamanik,0,5,23,17
SEKAR ARUM,TK,,Swasta,BANJIRSARI,Sukamiskin,Arcamanik,0,3,5,11
PERMATA AYAH BUNDA,TK,20255154,Swasta,LAYAR NO.14,Sukamiskin,Arcamanik,0,11,52,40
MUTIATRA BUNDA PLAYSCHOOL,TK,,Swasta,"PADANG GOLF NO 8, ARCAMANIK",Sukamiskin,Arcamanik,0,20,34,36
NUSA BANGSA,TK,20255151,Swasta,PESANTREN NO. 8,Sukamiskin,Arcamanik,0,3,12,13
KEMALA BHAYANGKARI 21,TK,20255148,Swasta,RUSBANDI SH,Sukamiskin,Arcamanik,0,4,14,32
BINTANG MADANI,TK,,Swasta,TERUSAN PESANTREN NO.102,Sukamiskin,Arcamanik,0,8,,
KASANDA (KASIH SAYANG BUNDA),TK,20255150,Swasta,TERUSAN PESANTREN VIII KOMP. POS GIRO BLOK J 110 J,Sukamiskin,Arcamanik,1,3,10,11
TRIDAYA BHAKTI,TK,20254887,Swasta,CIBADAK NO. 202 BELAKANG AULA WINAYASABA,Cibadak,Astanaanyar,0,5,16,9
SILIH ASIH,TK,20254885,Swasta,H.SAPARI GG.SILIH ASIH NO.11/90 ,Cibadak,Astanaanyar,0,3,11,9
AL-KAUTSAR,TK,20254895,Swasta,JL PAGARSIH GG ONONG 183,Cibadak,Astanaanyar,0,3,12,14
KRISTEN GAMALIEL,TK,20254892,Swasta,JL. CIBADAK 171 - 173 BANDUNG ,Cibadak,Astanaanyar,0,14,109,95
FITRA SARI,TK,20254893,Swasta,PAGARSIH,Cibadak,Astanaanyar,0,3,,
KUNCUP HARAPAN,TK,20254883,Swasta,JL KARANGANYAR NO 37,Karang Anyar,Astanaanyar,0,2,13,34
NURUL IMAN,TK,20254891,Swasta,KEBON MANGGU GG LEBE NO.16 ,Karang Anyar,Astanaanyar,0,2,18,12
AL-FURQON,TK,20254898,Swasta,JLN. MOCH. TOHA GG. CISEUREUH II,Karasak,Astanaanyar,0,5,27,35
Bhayangkari 49,TK,20254896,Swasta,Jl. Mochammad Toha No 198,Karasak,Astanaanyar,0,6,17,28
BUGENVIL,TK,20254899,Swasta,Jl. Moh. Toha No. 214,Karasak,Astanaanyar,0,3,8,2
TKK PELITA BANGSA,TK,20254889,Swasta,SOEKARNO-HATTA,Karasak,Astanaanyar,1,4,18,7
PERMATA BUNDA,TK,20254904,Swasta,LIO GENTENG,Kebon Jeruk,Astanaanyar,0,2,8,7
NURUL FALAH,TK,,Swasta,JL.KOPO GG.MAKSUDI IV RT06/RW04,Panjunan,Astanaanyar,0,5,28,14
MUSLIMAT BAITURROHMAH,TK,20254884,Swasta,KOPO NO. 23,Panjunan,Astanaanyar,0,3,10,10
TK.NURUL HASAN,TK,20254886,Swasta,Trs.Pasir Koja No.49,Panjunan,Astanaanyar,0,4,12,19
AISYIYAH 2,TK,20254894,Swasta,JL OTOISKANDARDINATA NO 77B/95,Pelindung Hewan,Astanaanyar,0,2,12,33
BHAYANGKARI 42,TK,20254897,Swasta,JL. PELINDUNG HEWAN NO 20 B/46,Pelindung Hewan,Astanaanyar,0,4,28,37
Budi Arti,TK,20254733,Swasta,Jalan Aki Padma Komplek Pa Aman 1-b Bandung,Babakan,Babakan Ciparay,1,2,4,8
EFATA,TK,20254751,Swasta,BABAKAN CIPARAY,Babakan Ciparay,Babakan Ciparay,0,4,26,18
HOLIS PERMAI,TK,20255392,Swasta,JL BLOK BEAS RT 03/ RW 06 NO 28,Babakan Ciparay,Babakan Ciparay,0,3,7,10
AL - MIFTAAH,TK,,Swasta,JL. CARINGIN,Babakan Ciparay,Babakan Ciparay,1,2,18,22
PARIKESIT,TK,20254910,Swasta,JL. CARINGIN ELOK NO 27A,Babakan Ciparay,Babakan Ciparay,0,3,4,11
KENARI,TK,20255403,Swasta,JL. CARINGIN GG. BP. H. UMAR RT 01/ RW 03,Babakan Ciparay,Babakan Ciparay,0,3,11,9
ALFITROH TUNAS HARAPAN,TK,20254731,Swasta,JL. CARINGIN GG. PORIB I RW 02,Babakan Ciparay,Babakan Ciparay,0,6,26,22
TUNAS PRESTASI,TK,,Swasta,JL. SOEKARNO HATTA,Babakan Ciparay,Babakan Ciparay,1,3,28,21
AL MUHAJIRIN,TK,,Swasta,JL. KOPO CIRANGRANG,Cirangrang,Babakan Ciparay,0,5,13,13
PLUS AL ISLAM,TK,20254908,Swasta,JALAN TERUSAN HOLIS NO: 38,Margahayu Utara,Babakan Ciparay,0,7,34,35
ANNISA,TK,20254906,Swasta,JL. SATRIA RAYA IV NO. 5,Margahayu Utara,Babakan Ciparay,1,3,7,18
TK.SITI KHADIJAH 2,TK,20254905,Swasta,KOMP.CIBOLERANG BLOK G-89,Margahayu Utara,Babakan Ciparay,0,5,26,17
JAUHARUL INSIYYAH,TK,20254907,Swasta,KOMPLEK CIBOLERANG JL SATRIA RAYA BLOK F NO 60,Margahayu Utara,Babakan Ciparay,1,6,35,28
MELATI JAYA,TK,20254909,Swasta,Jl. Kopo Cirangrang Blk No 542,Margasuka,Babakan Ciparay,0,4,8,11
9 MUTIARA,TK,20255754,Swasta,JALAN SITU AKSAN PERMAI NO. 43 PERUMAHAN TAMAN HIJAU,Sukahaji,Babakan Ciparay,1,4,7,4
IBNU SINA,TK,20255391,Swasta,JL.AKSAN NO.64,Sukahaji,Babakan Ciparay,0,2,6,4
PLUS MUTIARA,TK,20254821,Swasta,BATUNUNGGAL,Batununggal,Bandung Kidul,0,3,14,32
AL-WAHDAH,TK,20255396,Swasta,BATUNUNGGAL GG.BATU BAROKAH NO.95,Batununggal,Bandung Kidul,0,12,17,14
DAYA WANITA III,TK,20254827,Negeri,JL.SEKELIMUS VII NO. 18 ,Batununggal,Bandung Kidul,1,5,20,11
NURUL INAYAH,TK,20254823,Swasta,JL. H. BARDAN III NO. 309 B,Kujangsari,Bandung Kidul,0,4,26,19
DARUR RAHMAH,TK,20254828,Swasta,JL. H. BARDAN VII NO. 322 A,Kujangsari,Bandung Kidul,1,6,12,24
BINEKAS,TK,20254824,Swasta,KOMP. BUAH BATU REGENSI KAV G7 NO.6-7,Kujangsari,Bandung Kidul,1,25,39,31
TUNAS NUSA,TK,20254829,Swasta,KOPERPU C2/11,Kujangsari,Bandung Kidul,0,3,11,6
TIARA BUNDA,TK,20254819,Swasta,JL. BATUNUNGGAL INDAH I NO. 74-76,Mengger,Bandung Kidul,1,7,26,20
KRISTEN PELITA,TK,20254864,Swasta,HOLIS NO. 300,Caringin,Bandung Kulon,0,3,10,10
BANDUNG RAYA,TK,20254877,Swasta,CIJERAH NO.5/190A,Cibuntu,Bandung Kulon,0,12,60,39
AL FURQON,TK,20254872,Swasta,HAJI ALFI NO. 1,Cibuntu,Bandung Kulon,0,4,29,17
PROFITA,TK,20251875,Swasta,HAJI ANWAR NO. 47,Cibuntu,Bandung Kulon,1,6,22,18
TUNAS CEMARA,TK,20254752,Swasta,SOEKARNO HATTA NO. 22,Cibuntu,Bandung Kulon,0,10,31,31
MIFTAHUSSALAM,TK,,Negeri,BATU RENGAT RT03 RW01,Cigondewah Kaler,Bandung Kulon,0,7,14,18
USWATUN HASANAH,TK,,Swasta,BATURENGAT,Cigondewah Kaler,Bandung Kulon,1,3,13,17
ATTA'ZHIMIYAH,TK,20254880,Swasta,CIGONDEWAH KIDUL,Cigondewah Kaler,Bandung Kulon,0,4,14,16
BPK PENABUR THI,TK,20254863,Swasta,TAMAN HOLIS INDAH,Cigondewah Kaler,Bandung Kulon,1,15,149,134
LCC,TK,20254882,Swasta,TAMAN HOLIS INDAH F 2 NO. 25,Cigondewah Kaler,Bandung Kulon,0,3,40,27
AL IKHWAN,TK,20254862,Swasta,CIGONDEWAH BARAT,Cigondewah Rahayu,Bandung Kulon,0,5,22,13
MUSLIMIN,TK,20254874,Swasta,CIJERAH BELAKANG NO. 4,Cijerah,Bandung Kulon,0,4,30,19
AL FITHROH,TK,20254860,Swasta,CIJERAH GIRANG RW 5,Cijerah,Bandung Kulon,0,10,71,90
SANTA REGINA,TK,20254876,Swasta,CIJERAH INDAH I/3,Cijerah,Bandung Kulon,0,3,15,7
ISLAM DAN ANNISA,TK,20254273,Swasta,JEND. SUDIRMAN NO. 817-819,Cijerah,Bandung Kulon,0,5,11,15
TUNAS MEKAR,TK,20254878,Swasta,MEKAR BUNGAH NO. 26 PEMUKIMAN MEKAR INDAH,Cijerah,Bandung Kulon,0,6,25,35
CAHAYA NUSANTARA,TK,20254881,Swasta,KOMP. TAMAN BURUNG B-02,Gempol Sari,Bandung Kulon,0,2,11,9
CAHAYA ILMU,TK,,Swasta,MIRABILIC4,Gempol Sari,Bandung Kulon,0,3,18,12
BINTARI,TK,20254861,Swasta,CIBUNTU SAYURAN NO. 11,Warung Muncang,Bandung Kulon,1,5,18,22
PRIANGAN,TK,20255246,Swasta,BAROS NO. 1,Cihapit,Bandung Wetan,0,3,14,17
SANTA URSULA,TK,20255248,Swasta,BENGAWAN NO. 2,Cihapit,Bandung Wetan,0,11,91,78
HOLLY KIDS,TK,20255244,Swasta,CILAKI NO. 53 RT 02 RW 04,Cihapit,Bandung Wetan,0,5,14,4
SANTO AGUSTINUS,TK,20255247,Swasta,JL. AHMAD YANI NO. 273,Cihapit,Bandung Wetan,0,10,55,41
STARKIDS,TK,69759462,Swasta,JL. CENDANA NO. 7,Cihapit,Bandung Wetan,1,5,6,11
ASELIA,TK,20255245,Swasta,LAPANGAN SUPRATMAN NO 7,Cihapit,Bandung Wetan,0,4,6,4
MUTIARA ILMI PLUS,TK,20255243,Swasta,LOMBOK NO. 32 A,Cihapit,Bandung Wetan,0,6,16,17
GELATIK,TK,20255249,Swasta,SAWO NO.9,Cihapit,Bandung Wetan,0,2,7,12
PENABUR INTERNATIONAL SCHOOL,TK,20255256,Swasta,BAHUREKSA NO. 26,Citarum,Bandung Wetan,1,11,7,13
TARUNA BAKTI,TK,20255250,Swasta,JL. RE. MARTADINATA NO. 91,Citarum,Bandung Wetan,0,9,56,71
CAMBRIDGE INDONESIA,TK,20255257,Swasta,SULTAN TIRTAYASA NO. 15,Citarum,Bandung Wetan,0,7,11,20
ISTIQAMAH,TK,20255241,Swasta,TAMAN CITARUM BANDUNG,Citarum,Bandung Wetan,1,19,60,51
SANTO ALOYSIUS,TK,20255255,Swasta,TRUNOJOYO NO.3,Citarum,Bandung Wetan,0,12,53,35
YKPPK,TK,20255254,Swasta,CIHAMPELAS BLK NO 14,Taman Sari,Bandung Wetan,0,3,20,16
YAKESWA,TK,20255253,Swasta,DR.HATTA 54/29 B,Taman Sari,Bandung Wetan,0,3,9,8
PERTIWI 1,TK,20255251,Swasta,JL. KEBON BIBIT NO. 16 BANDUNG,Taman Sari,Bandung Wetan,0,3,20,14
BAPTIS,TK,20255252,Swasta,JL. WASTUKENCANA NO. 40,Taman Sari,Bandung Wetan,0,5,10,11
BUDI MURNI,TK,20254737,Swasta,BINONG JATI,Binong,Batununggal,0,3,11,8
IGNATIUS SLAMET RIYADI I,TK,20254740,Swasta,GATOT SUBROTO NO 221 ,Cibangkong,Batununggal,0,7,12,8
CITRA,TK,20254736,Swasta,"JL. CINTA ASIH , RW.13",Cibangkong,Batununggal,0,4,12,17
AL FITRAH,TK,20254742,Swasta,Jln 17 AGUSTUS 11 no 19,Cibangkong,Batununggal,0,5,24,16
41868,TK,20254744,Swasta,JL.JENDRAL GATOT SUBROTO NO.170,Gumuruh,Batununggal,0,4,26,22
KARTIKA XIX-2,TK,20254743,Swasta,JL.JAKARTA NO 10,Kacapiring,Batununggal,0,4,20,21
AL-MUSTAFA,TK,20254750,Swasta,JL.SUKABUMI DALAM NO 15,Kacapiring,Batununggal,0,2,14,16
HIKMAT 3,TK,20255763,Swasta,Jln. Majalengka No.30 A,Kacapiring,Batununggal,0,2,8,10
PELITA 1,TK,20254747,Swasta,KEBON GEDANG NO 7,Kebon Gedang,Batununggal,0,2,17,9
AL IKHWAN,TK,20254748,Swasta,KIARACONDONG BARAT NO. 25,Kebon Gedang,Batununggal,0,4,16,18
AISYIYAH 24,TK,20254739,Swasta,GG.SAMSI I NO 45 RW 01 RT 04,Kebon Waru,Batununggal,0,4,9,11
NURUL MUBTADI-IN,TK,20276923,Swasta,JL. BABAKAN DESE NO. 25A,Kebon Waru,Batununggal,,,,
AL ARDH,TK,20254745,Swasta,Jl.TERUSAN RANCAGOONG NO. 11,Maleer,Batununggal,0,5,8,7
KEMALA BHAYANGKARI-39,TK,20254729,Swasta,Jl. Samoja No. 11,Samoja,Batununggal,0,5,28,15
NEGERI CENTEH,TK,20254727,Negeri,PACAR NO 5,Samoja,Batununggal,0,10,34,33
BHAKTI,TK,20254955,Swasta,JL SUKARMA NO. 8,Babakan Asih,Bojongloa Kaler,0,5,35,28
ISLAMIYAH,TK,20255401,Swasta,Jl. Kopo Gg. Sukaleueur III No 100/198A,Babakan Asih,Bojongloa Kaler,0,10,29,41
TUNAS HARAPAN AL-HUSNA,TK,20254961,Swasta,JL TERUSAN PASIRKOJA GG.ABADI 2 NO 237/194,Babakan Tarogong,Bojongloa Kaler,0,5,22,17
TUNAS PENDAWA,TK,20254965,Swasta,Pasirkoja Gg. Sukapkir Dlm III,Jamika,Bojongloa Kaler,0,3,30,0
PELITA FAJAR,TK,20255402,Swasta,Jalan Jendral Sudirman 475 Bandung,Jamika,Bojongloa Kaler,0,15,60,45
ANAK BANGSA,TK,20254969,Swasta,JL PAGARSIH GG HOLILI NO 182/87,Jamika,Bojongloa Kaler,0,4,18,17
FAJAHIRA,TK,69759452,Swasta,Jl. Trs Pasir Koja Gg. Sukapakir Tengah,Jamika,Bojongloa Kaler,0,3,10,14
MELATI MEKAR,TK,20254960,Swasta,LUNA IV NO. 25 RT.013 RW. 04,Jamika,Bojongloa Kaler,0,3,10,12
SWADAYA,TK,20254962,Swasta,PAGARSIH NO.181 E,Jamika,Bojongloa Kaler,0,5,23,26
BINEKAS,TK,20254954,Swasta,JALAN CARINGIN NO.16,Kopo,Bojongloa Kaler,0,3,13,7
NEGERI PEMBINA CITARIP,TK,20254952,Negeri,KOPO,Kopo,Bojongloa Kaler,,9,18,30
MELATI,TK,20254966,Swasta,Jln. Babakan Tarogong No 231,Suka Asih,Bojongloa Kaler,0,4,14,15
Tarbiyatul Muta'allimin,TK,69759451,Swasta,KOPO GANG PABRIK KULIT UTARA RT.04/RW01 NO.517B/196B,Suka Asih,Bojongloa Kaler,3,4,2,1
CEMPAKA,TK,20254953,Swasta,SITUGUNTING,Suka Asih,Bojongloa Kaler,0,3,26,30
TAMAN KANAK-KANAK ISLAM TERPADU MUTHMAINNAH,TK,20254974,Swasta,JL PRAMBANAN NO B3 CIBADUYUT PERMAI RT 01 RW 02,Cibaduyut Kidul,Bojongloa Kidul,3,11,26,43
DEWI ASRI,TK,20254973,Swasta,JL.SALAKADOMAS NO.14 KOMP.CIBADUYUT PERMAI,Cibaduyut Kidul,Bojongloa Kidul,0,4,4,13
AL BASYARIYAH,TK,20254971,Swasta,JL. CIBADUYUT KOMP SAUYUNAN,Kebon Lega,Bojongloa Kidul,0,5,25,19
CAHAYA BUNDA,TK,20254972,Swasta,INHOFTANG GG. BP MANTA 22,Kebon Lega,Bojongloa Kidul,0,3,10,10
REMBULAN,TK,20254979,Swasta,JL. MUARA SARI 1 NO 27 ,Kebon Lega,Bojongloa Kidul,0,6,19,30
AS-SYIFA,TK,,Swasta,JL. SAUYUNAN RAYA NO 25 RT 07/07,Kebon Lega,Bojongloa Kidul,0,2,13,11
BPK PENABUR SINGGASANA,TK,69860905,Swasta,JL. INDRA PRAHASTA TIMUR NO.2 ,Mekar Wangi,Bojongloa Kidul,0,17,61,71
HARAPAN KASIH,TK,20275730,Swasta,MEKAR KENCANA NO. 2A,Mekar Wangi,Bojongloa Kidul,0,5,96,74
KRISTEN DIAN EMAS,TK,20254976,Swasta,JL. MUARA BARAT NO. 2 BANDUNG,Situsaeur,Bojongloa Kidul,1,8,28,28
BUNGA PERTIWI,TK,20254975,Swasta,JL.KOPO GG.KATIR NO.57 RT. 04 RW. 03,Situsaeur,Bojongloa Kidul,2,3,14,9
AISYIYAH 13,TK,20254981,Swasta,GG.KEBON KALAPA DALAM V RT.11 RW.07,Situsaeur,Bojongloa Kidul,1,3,27,30
ISLAM AL - KAAFFAH,TK,20254977,Swasta,KOPO NO. 233 BANDUNG,Situsaeur,Bojongloa Kidul,0,4,24,18
BANY RAHMAH,TK,20254757,Swasta,CIJAWURA HILIR NO 7,Cijaura,Buah Batu,0,3,7,6
PERMATA IBUNDA,TK,20254753,Swasta,JL. BATU PERMATA NO. 5,Cijaura,Buah Batu,2,7,37,31
DEWI SARTIKA,TK,20254754,Swasta,JL.LOGAM NO. 9,Cijaura,Buah Batu,1,16,29,21
TAMAN INDRIA,TK,20254758,Swasta,KOMPLEK PANDANWANGI F 23,Cijaura,Buah Batu,0,3,7,6
IT AL FALAH,TK,20254773,Swasta,JL. KAWALUYAANINDAH XIV/II,Jati Sari,Buah Batu,0,3,6,2
BINA PURI HANDAYANI,TK,,Swasta,JL. SOEKARNO HATTA NO. 725 D,Jati Sari,Buah Batu,,,,
AL-IMAN,TK,,Swasta,PERMATA KAWALUYAAN NO D 7,Jati Sari,Buah Batu,0,3,8,11
TADIKA PURI,TK,20254766,Swasta,Sanggar Kencana VI No. 11 Sanggar Hurip,Jati Sari,Buah Batu,0,4,13,21
AL-IKHLAS,TK,20254755,Swasta,JL. MARGACINTA NO. 169,Margasari,Buah Batu,0,6,34,28
PLUS PELANGI,TK,20254760,Swasta,JL. MARGASARI NO.221 A (RANCA BOLANG),Margasari,Buah Batu,0,3,9,11
PERTWI III,TK,20254756,Swasta,JL. SMP 18 BUAH BATU BANDUNG,Margasari,Buah Batu,0,3,8,8
PERTIWI,TK,20254767,Swasta,KOMPLEK PEMDA SAWO ENDAH NO. 31,Margasari,Buah Batu,0,5,0,31
ARYANDINI,TK,20254763,Swasta,,Sekejati,Buah Batu,0,3,15,15
ISLAM AL IKHWAN,TK,20254764,Swasta,JL. JUPITER RAYA NO. 07,Sekejati,Buah Batu,0,4,11,19
ISLAM TAMAN FIRDAUS,TK,20254762,Swasta,Jl. Neptunus Timur II NO. 54 G Komp Margahayu Raya Barat,Sekejati,Buah Batu,3,3,45,50
AL BAYAN,TK,20254765,Swasta,METEOR RAYA BLOK L II A NO 76,Sekejati,Buah Batu,0,3,8,13
Islam Al Muhajir,TK,20254761,Swasta,Taman Yupiter Blok E II,Sekejati,Buah Batu,0,13,46,35
BHINNEKA BHAKTI,TK,20255271,Swasta,BOJONG MEKAR NO.21 RT 01 RW14,Cigadung,Cibeunying Kaler,0,8,10,10
AL-YAHYA,TK,20255272,Swasta,Jl. CIGADUNG PESANTREN NO. 160,Cigadung,Cibeunying Kaler,0,7,27,30
HARAPAN BHAKTI,TK,20255268,Swasta,JL. CIGADUNG RAYA BARAT NO 43,Cigadung,Cibeunying Kaler,0,2,6,10
ISLAM LATHIFIYAH,TK,20255270,Swasta,JL. CIGADUNG RAYA TIMUR A9,Cigadung,Cibeunying Kaler,0,7,10,11
YPKS CIGADUNG,TK,20255267,Swasta,JL.KONSTITUSI NO.13,Cigadung,Cibeunying Kaler,0,4,11,11
MERPATI POS,TK,20255278,Swasta,JL. BRIGJEND KATAMSO NO. 3 - 5 BANDUNG ,Cihaurgeulis,Cibeunying Kaler,1,14,29,41
SANTA MELANIA,TK,20255273,Swasta,Jl. Melania No. 1-3,Cihaurgeulis,Cibeunying Kaler,0,6,19,20
DWIKORA,TK,20255274,Swasta,Jl. MUARARAJEUN WETAN NO 26 A,Cihaurgeulis,Cibeunying Kaler,1,3,15,12
KARTIKA VIII-19,TK,20255264,Swasta,CIKUTRA NO. 201,Neglasari,Cibeunying Kaler,0,4,21,28
AVICENNA,TK,20280582,Swasta,JALAN CIKUTRA BARU III NO 19,Neglasari,Cibeunying Kaler,1,5,12,11
AL-IRSYAD,TK,20255265,Swasta,JLN CIKUTRA 205 A,Neglasari,Cibeunying Kaler,0,8,37,33
Plus Atinidi,TK,20255266,Swasta,Gagak No.112 RT 10 RW 03,Sukaluyu,Cibeunying Kaler,2,8,9,9
PARIPURNA I,TK,20255275,Swasta,Jalan Batik Kumeli No. 63,Sukaluyu,Cibeunying Kaler,0,6,50,26
SITI KHADIJAH I,TK,20255281,Swasta,JALAPRANG NO.16 SUKALU,Sukaluyu,Cibeunying Kaler,0,4,7,12
MUTIARA BUNDA,TK,20255280,Swasta,JL. BATIK RENGGANIS NO 21,Sukaluyu,Cibeunying Kaler,0,18,41,26
HAPPY HOUSE,TK,69759464,Swasta,JL. PAHLAWAN NO.59,Sukaluyu,Cibeunying Kaler,0,5,8,15
ALBIRUNI SIDOMUKTI,TK,20255279,Swasta,JL.SIDOMUKTI NO.57,Sukaluyu,Cibeunying Kaler,0,12,26,28
PASUNDAN ISTRI,TK,20255276,Swasta,SAPUJAGAT No. 19,Sukaluyu,Cibeunying Kaler,0,3,6,10
AL-AMIN 2,TK,20255112,Swasta,AWIBULUH Gg. Bunga I No. 338,Cicadas,Cibeunying Kidul,0,4,17,16
KUNTUM MEKAR,TK,20255102,Swasta,CITAMIANG N0. 43,Cicadas,Cibeunying Kidul,0,2,7,4
KARTIKA X-I,TK,20255106,Swasta,JL PRAMUKA 2 PPI BANDUNG ,Cicadas,Cibeunying Kidul,0,0,30,40
AL FAJAR,TK,20255109,Swasta,JL. ASEP BERLIAN NO 21,Cicadas,Cibeunying Kidul,0,6,28,32
PG-SANTO YUSUP,TK,20255113,Swasta,JALAN CIKUTRA NO 5,Cikutra,Cibeunying Kidul,0,8,6,10
FALAASIFAH,TK,20255116,Swasta,JALAN SEKEPANJANG 1 NO.60,Cikutra,Cibeunying Kidul,0,4,11,12
AISYIYAH 9,TK,20255110,Swasta,JL. ASEP BERLIAN NO 32,Cikutra,Cibeunying Kidul,0,19,27,30
BINA INSAN MULIA,TK,,Swasta,jl. Sukasenang VI NO. 27,Cikutra,Cibeunying Kidul,0,7,18,26
ANGLIA,TK,20255115,Swasta,PHH MUSTAFA NO 82,Cikutra,Cibeunying Kidul,0,6,15,22
AISYIYAH 14,TK,20255117,Swasta,JL.BBK..H. TAMIM NO 15,Padasuka,Cibeunying Kidul,0,1,12,7
HIKMAT,TK,20255092,Swasta,BABAKAN CIHAPIT NO 19 RT 06 RW 06,Pasir Layung,Cibeunying Kidul,0,4,7,8
ANNUR,TK,20255095,Swasta,JALAN PADASUKA NO.178,Pasir Layung,Cibeunying Kidul,0,4,5,11
SEJAHTERA,TK,20255090,Swasta,JATIHANDAP,Pasir Layung,Cibeunying Kidul,0,4,26,20
AL MUNAWWAROH,TK,20255091,Swasta,JL. PASASUKA NO. 7 RT. 02/07,Pasir Layung,Cibeunying Kidul,0,4,26,24
LAYUNG SARI,TK,20255096,Swasta,PASIRLAYUNG,Pasir Layung,Cibeunying Kidul,0,5,14,11
AZ- ZAHRA,TK,20255094,Swasta,PASIRLAYUNG UTARA VI NO 1,Pasir Layung,Cibeunying Kidul,0,8,38,29
AULIA MIFTAHUL JANNAH,TK,20255093,Swasta,Sirnagalih No. 8-4,Pasir Layung,Cibeunying Kidul,0,2,10,16
MUTIARA,TK,20255099,Swasta,Jl. CIBUNAR NO. 4,Sukamaju,Cibeunying Kidul,0,5,16,18
AZIZAH,TK,20255107,Swasta,JL.JEND AKHMAD YANI,Sukamaju,Cibeunying Kidul,0,2,5,7
ADINDA,TK,20255103,Swasta,SUKAMAJU,Sukamaju,Cibeunying Kidul,0,2,5,8
NURUL AMAL,TK,20255097,Swasta,BABAKAN BARU NO 11 RT 04 RW 07,Sukapada,Cibeunying Kidul,0,4,11,16
LITTLE MOSLEM,TK,20255101,Swasta,CIKUTRA NO.206 ,Sukapada,Cibeunying Kidul,0,7,24,16
AR-ROHIIMIYAH,TK,20255098,Swasta,CIMUNCANG DALAM,Sukapada,Cibeunying Kidul,0,0,23,22
LUTFIA,TK,20255105,Swasta,JL.SEKEMERAK NO.2 RT 08 RW 11,Sukapada,Cibeunying Kidul,0,3,3,7
SHAFIRA,TK,20255108,Swasta,TERUSAN CIMUNCANG N0. 13,Sukapada,Cibeunying Kidul,0,4,10,18
AISYIYAH 16,TK,20255104,Swasta,VILLA ASRI RAYA BUMI ASRI,Sukapada,Cibeunying Kidul,0,3,22,16
BANI HASAN,TK,20255194,Swasta,AH. NASUTION NO 83 A / 479,Cipadung,Cibiru,0,2,6,5
PLUS ANNUR HADZIQ,TK,,Swasta,DESA CIPADUNG RT 06 RW 02,Cipadung,Cibiru,0,3,12,14
PLUS TUNAS BANGSA,TK,20255187,Swasta,JL. TERUSAN PERMAI 5 NO. 33 A ,Cipadung,Cibiru,0,7,20,23
JUWITA,TK,20255186,Swasta,JLN. DESA CIPADUNG N0. 137,Cipadung,Cibiru,0,5,25,21
PRAVITASARI,TK,20255193,Swasta,KUSUMA WANGI NO. 10,Cipadung,Cibiru,0,3,7,7
IBUNDA,TK,20255185,Swasta,JL. CILENGKRANG II NO.153,Palasari,Cibiru,1,7,24,32
BANDUNG INSTITUT,TK,20255190,Swasta,JL. MANGLAYANG I NO 7,Palasari,Cibiru,0,6,9,9
AL - AZIIZ,TK,20255191,Swasta,JL.CILENGKRANG II RT.01 RW.07 ,Palasari,Cibiru,1,3,14,11
PATAL CIPADUNG,TK,20255189,Swasta,Komp. Cilengkrang 2 Jl. Manglayang IV KSB A No. 36,Palasari,Cibiru,3,5,18,17
ANANDA,TK,20255184,Swasta,KOPEDI NO 79,Palasari,Cibiru,1,3,8,12
Terpadu Tunas Krida Nusantara,TK,20255183,Swasta,DESA CIPADUNG,Pasir Biru,Cibiru,1,9,29,21
ISLAM YAHYA,TK,20255047,Swasta,Jalan udawa no.12,Arjuna,Cicendo,0,4,4,7
TKK BINA BAKTI,TK,20255046,Swasta,JL. BIMA 9,Arjuna,Cicendo,0,28,152,161
HEMAN BPPK,TK,20255036,Swasta,JL. PAJAJARAN NO. 91,Arjuna,Cicendo,0,2,5,6
TADIKA PURI,TK,20255034,Swasta,KRESNA,Arjuna,Cicendo,0,5,9,11
SAMIAJI,TK,20255031,Swasta,SEMAR DALAM NO 76/66,Arjuna,Cicendo,0,7,10,10
DHARMA KITRI,TK,20255049,Swasta,JL. ABDURRAHMAN SALEH BLK NO.49 ,Husein Sastranegara,Cicendo,0,12,39,28
PELANGI,TK,20255051,Swasta,KOMUD SUPADIO ( JATAYU ) RW 12,Husein Sastranegara,Cicendo,0,5,47,53
TK.PELITA,TK,20255048,Swasta,Komud Supadio Gg. Hanura Rt. 01/05 Jatayu 1,Husein Sastranegara,Cicendo,0,4,8,12
KASIH BUNDA,TK,20255043,Swasta,BALADEWA,Pajajaran,Cicendo,0,1,,
TRIMULIA,TK,20255042,Swasta,Dr. DJUNJUNAN NO. 105,Pajajaran,Cicendo,0,8,44,36
ANGKASA 1,TK,20255037,Swasta,JL PADJAJARAN NO 148,Pajajaran,Cicendo,0,7,35,30
YAQIN,TK,20255041,Swasta,JL. DR. JUNJUNAN DALAM NO.1,Pajajaran,Cicendo,1,5,27,32
PANDU,TK,20255035,Swasta,JALAN PANDU NO 6 BANDUNG,Pamoyanan,Cicendo,0,8,62,39
KENARI,TK,20255032,Swasta,H.MOH. MESRI 93/6B RT 07 RW 06,Pasirkaliki,Cicendo,0,8,9,16
KRISTEN PAULUS,TK,20255033,Swasta,JL. DR. RAJIMAN NO. 11,Pasirkaliki,Cicendo,1,3,14,15
BINA MANDIRI,TK,20255040,Swasta,BUDI 70,Sukaraja,Cicendo,0,5,6,11
ANGKASA 3,TK,20255017,Swasta,DAKOTA NO 27 SUKARAJA II,Sukaraja,Cicendo,1,1,18,16
ISLAM AL IKHLAS,TK,20255038,Swasta,GUNUNG BATU NO. 125,Sukaraja,Cicendo,2,5,20,23
NURHIDAYAH,TK,20255044,Swasta,GUNUNG BATU NO.2,Sukaraja,Cicendo,0,6,26,32
AISYIYAH 25,TK,20255792,Swasta,JL. RAYA CILEMBER GG. BUNI SUGIH,Sukaraja,Cicendo,0,2,18,12
FAMILY FEST,TK,20255770,Swasta,KOMPLEK DAKOTA RESIDENCE NO.D1 ,Sukaraja,Cicendo,2,5,36,15
KASIH SAYANG IBU,TK,20255060,Swasta,GG. BUKIT SASTRA NO 95/166A CIUMBULEUIT,Ciumbuleuit,Cidadap,0,4,3,3
KRISTEN HIDUP BARU,TK,20255061,Swasta,JL. CIUMBULEUIT 160,Ciumbuleuit,Cidadap,,,9,12
AL QOLAM,TK,20255057,Swasta,JL.KOLAM NO.3 ,Ciumbuleuit,Cidadap,0,4,22,16
ADZKIA,TK,20255054,Swasta,JL.PANUMBANG JAYA DALAM NO.38F,Ciumbuleuit,Cidadap,0,5,10,10
SEJAHTERA,TK,20255296,Swasta,KIPUTIH BAWAH NO. 23 RT. 03,Ciumbuleuit,Cidadap,0,3,5,9
AL-HUSAINIYYAH,TK,20255058,Swasta,JL. BUKIT JARIAN NO 29/165D,Hegarmanah,Cidadap,0,1,6,2
TK GELINCAH,TK,20255062,Swasta,JL. BUKIT RESIK NO.24,Hegarmanah,Cidadap,0,3,3,15
KARTIKA XVI-I,TK,20255052,Swasta,JL.HEGARMANAH NO 152,Hegarmanah,Cidadap,0,5,30,25
AL-FITROH SURUUR,TK,20255053,Swasta,JL.HEGARMANAH TENGAH NO 1 A,Hegarmanah,Cidadap,0,3,15,10
KUNTUM CEMERLANG,TK,20255056,Swasta,JL. CIPAKU INDAH XI NO.2,Ledeng,Cidadap,0,8,26,30
KUNCUP MELATI,TK,20255055,Swasta,JL. DR. SETIABUDHI KM.10 N0.5,Ledeng,Cidadap,0,2,7,4
ANANDA SMART ART & FUN,TK,,Swasta,JL. PINUS IV NO. 25,Babakan Penghulu,Cinambo,2,4,10,7
KARTIKA IX-21,TK,20255163,Swasta,JL. AH. NASUTION KM. 10,Pakemitan,Cinambo,0,7,33,38
PERMATA BUNDA,TK,20255165,Swasta,"JL. RUMAH SAKIT GG. H, WAHAB ",Pakemitan,Cinambo,1,3,16,18
AMALINA,TK,20255162,Swasta,RUMAH SAKIT NO. 10 UJUNGBERUNG RT 004/003,Pakemitan,Cinambo,0,6,35,42
AISYIYAH BUSTANUL ATHFAL 19,TK,20255161,Swasta,SANDANG NO. 25 CIRENGOT,Sukamulya,Cinambo,0,10,38,28
CENDIKIA,TK,20255164,Swasta,SUKAMULYA IV NO.29 RT 04/04,Sukamulya,Cinambo,0,5,12,8
KUNTUM,TK,20255070,Swasta,CIPAGANTI NO. 144,Cipaganti,Coblong,0,3,8,7
BINTANG PURI WIDYA,TK,69759468,Swasta,BANGBAYANG NO 11,Dago,Coblong,0,3,7,4
TUNAS HARAPAN,TK,20255077,Swasta,CISITU,Dago,Coblong,0,8,22,28
AULIA BUNDA,TK,20255076,Swasta,DAGO ASRI IV NO 4,Dago,Coblong,0,4,36,34
Aisyiyah 5,TK,20255075,Swasta,Dago Barat RT 08 RW 05,Dago,Coblong,0,3,13,15
MONTESSORI,TK,20255073,Swasta,JALAN DAGO ASRI NO. 24,Dago,Coblong,0,3,20,25
DARUL HIKAM,TK,20255071,Swasta,JALAN IR. H. JUANDA NO. 285,Dago,Coblong,3,18,10,4
AR-RAHMAN DARUL ILMI,TK,,Swasta,JL IR.H.JUANDA BLK.NO 423 ,Dago,Coblong,0,0,40,30
BUKIT DAGO,TK,20255072,Swasta,JL. BUKIT DAGO SELATAN G 5,Dago,Coblong,0,5,29,19
ALAM BANDUNG,TK,20255080,Swasta,JL. Cikalapa II No. 4 Tanggulan Dago Pojok,Dago,Coblong,2,4,8,8
ALIMAN SHOLIHAN,TK,20255074,Swasta,JL. IR. H. JUANDA NO 319,Dago,Coblong,0,3,18,15
PASUNDAN ISTRI,TK,20255089,Swasta,KEBON KEMBANG NO. 17,Dago,Coblong,0,2,4,6
AL-MIRAJ,TK,20255088,Swasta,SANGKURIANG NO. 20/160 A,Dago,Coblong,0,3,11,3
SINAR NYATA,TK,20255064,Swasta,JL H WASID NO 33,Lebak Gede,Coblong,0,1,9,6
RADEN PATAH,TK,69756421,Swasta,JL. RADEN PATAH NO. 28 A,Lebak Gede,Coblong,0,3,8,7
SEKELOA,TK,20255066,Swasta,JL. SEKELOA GG. LOA II NO. 11,Lebak Gede,Coblong,0,4,30,32
TITIAN HARAPAN,TK,20255068,Swasta,JLN. BAGUS RANGIN NO 12/ 50 RT 01 RW 07,Lebak Gede,Coblong,0,8,12,22
TKIT AL-IKHLASH,TK,20255067,Swasta,SEKELOA SELATAN II NO. 19,Lebak Gede,Coblong,0,5,10,12
ANDIKA,TK,20255069,Swasta,TEUKU ANGKASA NO.42,Lebak Gede,Coblong,0,2,10,8
SALMAN AL FARISI,TK,20255084,Swasta,JL. Tubagus Ismail VIII,Sekeloa,Coblong,3,19,47,23
PROF. DR. MOESTOPO,TK,20255086,Swasta,JL.TUBAGUS ISMAIL III/3,Sekeloa,Coblong,4,8,8,8
AISYIYAH 18,TK,20255082,Swasta,CIBEUNYING KOLOT 3 NO. 16,Sadang Serang,Coblong,0,3,5,5
QURROTA A'YUN,TK,20255087,Swasta,GELATIK DALAM,Sadang Serang,Coblong,0,5,18,14
TAMAN KANAK-KANAK KANCIL,TK,20255065,Swasta,JL. HAURPANCUH NO 87,Sadang Serang,Coblong,0,4,8,18
AISYIYAH 4,TK,20255063,Swasta,JL. PIIT NO. 8,Sadang Serang,Coblong,0,8,31,30
PERTIWI IV,TK,20255083,Swasta,JL. RAYA PERUMNAS,Sadang Serang,Coblong,0,5,40,26
AN-NUR,TK,20255085,Swasta,MESJID AN-NUR PASIRKOJA,Sadang Serang,Coblong,0,3,7,13
TKN PEMBINA,TK,20255081,Negeri,SADANG SERANG NO. 11,Sadang Serang,Coblong,2,12,10,10
PERMATA BUNDA,TK,20255395,Swasta,GRIYA CEMPAKA ARUM D9 NO 100-101,Cimencrang,Gedebage,0,3,8,9
INSANI,TK,20234793,Swasta,JL RIUNG HEGAR RAYA NO 22 RIUNG BANDUNG,Cisaranten Kidul,Gedebage,0,7,17,19
ANANDA,TK,20254788,Swasta,JL. RIUNG PURNA RAYA NO. 114,Cisaranten Kidul,Gedebage,0,3,14,19
ATIKAN,TK,20254791,Swasta,JL. RIUNG WULAN NO. 6,Cisaranten Kidul,Gedebage,0,3,13,14
GUNA TRIA PUTRA,TK,20254792,Swasta,RIUNG BAGJA II NO. 11,Cisaranten Kidul,Gedebage,0,5,24,26
ISLAM ALHAMBRA,TK,20254790,Swasta,RIUNG HEGAR 2 NO. 4,Cisaranten Kidul,Gedebage,2,8,17,16
TUNAS UNGGULAN,TK,20254798,Swasta,BUMI ADIPURA JL CEMARA E1,Rancabolang,Gedebage,0,6,29,31
TIARA PUTRI,TK,20254795,Swasta,Jl. Umar Bin Khattab Vlok Cendikia A4 No. 2 Komp. Griya Cempaka Arum,Rancanumpang,Gedebage,1,9,40,34
CEMPAKA ARUM,TK,20254796,Swasta,KOMPLEK GRIYA CEMPAKA ARUM,Rancanumpang,Gedebage,0,3,11,15
AN NISSA,TK,20254799,Swasta,SALMAN AL FA RIZI,Rancanumpang,Gedebage,0,1,,
KARYA PUTRA I,TK,20254711,Swasta,BABAKAN SARI I NO. 159,Babakan Sari,Kiaracondong,0,3,16,4
GLOBAL CENDEKIA SCHOOL,TK,20254715,Swasta,JALAN KAMPUS I NO.39,Babakan Sari,Kiaracondong,1,11,20,18
ISLAM SITI KHADIJAH IV,TK,20280987,Swasta,JALAN MEKAR SARI NO 92 ,Babakan Sari,Kiaracondong,0,4,22,13
PRAVITASARI 3,TK,20254726,Swasta,Jl. Mekar sari dalam 2 no.10,Babakan Sari,Kiaracondong,1,1,6,12
AZ-ZAHRA BEHESYTI,TK,20254709,Swasta,KAMPUS II NO. 4,Babakan Sari,Kiaracondong,0,5,7,13
LITTLE SMART,TK,20255201,Swasta,ATLAS V NO. 34D,Babakan Surabaya,Kiaracondong,0,10,,
BHAYANGKARI 40,TK,20255197,Swasta,JALAN ACHMAD YANI NO 590,Babakan Surabaya,Kiaracondong,0,4,20,17
RIYADHUL JANNAH,TK,20255195,Swasta,A YANI NO 1057,Cicaheum,Kiaracondong,0,4,7,8
MUTIARA BUNDA PLAYSCHOOL,TK,20255209,Swasta,Jl. PSM No 35 KIARACONDONG,Kebon Jayanti,Kiaracondong,0,11,9,9
Ignatius Slamet Riyadi,TK,20255207,Swasta,Jl. Ibrahim Adjie Gg. Kebon Kangkung X Bandung,Kebon Kangkung,Kiaracondong,0,7,37,33
HARAPAN BUNDA,TK,20255206,Swasta,GATOT SUBROTO NO 517,Sukapura,Kiaracondong,0,7,44,25
PGRI HARAPAN BANGSA 2,TK,20255203,Swasta,JALAN CIDURIAN UTARA NO 191,Sukapura,Kiaracondong,1,2,,
PGRI HARAPAN BANGSA 1,TK,20255202,Swasta,JALAN TERUSAN PSM NO.1A,Sukapura,Kiaracondong,0,3,1,5
DARUSSALAM,TK,20255204,Swasta,JL.KIARA ASRI BARAT NO.2,Sukapura,Kiaracondong,0,10,26,32
TUNAS HARAPAN PINDAD,TK,20255205,Swasta,Jl. Papanggungan Komp. Pindad Selatan,Sukapura,Kiaracondong,0,5,17,19
BUDI ISTRI,TK,20255005,Swasta,JALAN SANCANG NO. 4,Burangrang,Lengkong,,,,
PG-Islam Terpadu Mujahidin,TK,20255225,Swasta,Sancang No 6,Burangrang,Lengkong,0,5,14,9
SANDHY PUTRA,TK,20255211,Swasta,BKR No.11,Cijagra,Lengkong,0,9,14,11
ALMUHAJIRIN,TK,20255215,Swasta,JL SURYALAYA BARU NO 15 ,Cijagra,Lengkong,3,18,49,50
YAYASAN BERIBU,TK,20255214,Swasta,JL. BKR NO. 1 BANDUNG 40265,Cijagra,Lengkong,0,3,22,9
TADIKA PURI,TK,20255007,Swasta,JL. SITU PATENGGANG NO. 12,Cijagra,Lengkong,4,10,8,17
PERTIWI I,TK,20255210,Swasta,SITU LEMBANG RT. 04 RT. 03,Cijagra,Lengkong,,,,
BPI,TK,20254998,Swasta,HALIMUN NO.23,Lingkar Selatan,Lengkong,0,10,64,46
KARTIKA X-2,TK,20255220,Swasta,JL GATOT SUBROTO,Lingkar Selatan,Lengkong,0,3,18,12
MUSLIMIN,TK,20255002,Swasta,JL PATUHA NO 36,Lingkar Selatan,Lengkong,1,2,7,3
KARTIKA XI-1 SESKOAD,TK,20255221,Swasta,JL. GATSU NO. 96,Lingkar Selatan,Lengkong,1,6,,
Al Hidayah,TK,20255003,Swasta,Jl. Saledri No. 2 RT 1 RW 1,Lingkar Selatan,Lengkong,0,5,13,16
BPK PENABUR,TK,20255004,Swasta,JL. GUNTUR 1950,Malabar,Lengkong,0,3,76,99
KEMALA BHAYANGKARI 36,TK,20255006,Swasta,JLN. PALASARI NO 44,Malabar,Lengkong,0,6,23,22
GAGAS CERIA,TK,20255216,Swasta,MALABAR 80 - 82,Malabar,Lengkong,1,21,,
HIMATUL ALIYAH,TK,69759454,Swasta,JL. WANGSAREJA NO.5,Paledang,Lengkong,,,27,22
AISYIYAH 1,TK,20255001,Swasta,JL. BANTENG DALAM NO.6,Turangga,Lengkong,0,4,13,6
NURUL HUDA,TK,20255226,Swasta,KLININGAN NO.29,Turangga,Lengkong,1,5,15,18
NURUL FALAAH,TK,20255213,Swasta,RAJAMANTRI KIDUL NO 6,Turangga,Lengkong,0,10,39,34
AL-HASAN,TK,20255218,Swasta,TAMAN KILININGAN II NO. 5,Turangga,Lengkong,0,7,7,7
PASI HARAPAN BANGSA,TK,20255223,Swasta,WIRANGRONG NO.2,Turangga,Lengkong,0,4,10,17
HIKMATUL IHSAN,TK,20255297,Swasta,JL. H. SAODAH RT02/RW08,Jati Handap,Mandalajati,0,4,18,19
ISLAM BAITUSSALAM,TK,20255138,Swasta,JL.SUKAASIH ATAS III RT 03/RW 06,Jati Handap,Mandalajati,0,3,7,9
TUNAS MANDALA,TK,20255133,Swasta,MANDALA VII NO.137 RT.04 RW.11,Jati Handap,Mandalajati,0,5,17,13
AL HADI,TK,20255132,Swasta,A.H NASUTION NO 25,Karang Pamulang,Mandalajati,0,6,18,17
AL-IRHAAM GLOBAL,TK,20255141,Swasta,AH. NASUTION NO. 133,Karang Pamulang,Mandalajati,0,3,7,8
Zaidan Alam Mandiri,TK,,Swasta,Jl. Pasir Impun No. 3 A ,Karang Pamulang,Mandalajati,2,5,12,8
DEVIANA GIRI MANDE,TK,20255131,Swasta,KOMPLEK GIRI MANDE B 6 NO 8,Karang Pamulang,Mandalajati,0,7,24,20
PANCADARMA,TK,20255134,Swasta,LEDENG NO. 1 PASIR IMPUN,Karang Pamulang,Mandalajati,0,4,10,15
ANDINI,TK,20255135,Swasta,JL PASIRIMPUN NO 85,Pasir Impun,Mandalajati,0,3,16,13
TUNAS UNGGUL,TK,20255142,Swasta,JL. PASIR IMPUN NO.94,Pasir Impun,Mandalajati,0,14,31,39
AL-IKHLAS,TK,20255136,Swasta,PASIR IMPUN NO 42 RT 01 RW 03,Pasir Impun,Mandalajati,0,2,9,9
KASIH BUNDA,TK,20255139,Swasta,JALAN SUKA ASIH IV KOMPLEK SUKA ASIH ,Sindang Jaya,Mandalajati,1,5,19,19
PUTRA PERTIWI SINDANGLAYA,TK,20255140,Swasta,JL ARCAMANIK NO 36,Sindang Jaya,Mandalajati,0,3,8,20
Abatatsa,TK,20255137,Swasta,Komplek Taman sari Bukit Bandung Blok IE No. 4,Sindang Jaya,Mandalajati,1,5,19,20
NURUL ULMI,TK,20255298,Swasta,SEKEPEER NO.44 RT.02 RW.03 ,Sindang Jaya,Mandalajati,2,6,22,18
AL-BIRUNI,TK,20254802,Swasta,JL. RAYA PANTILEUKAN NO.8,Cipadung Kidul,Panyileukan,0,15,38,27
NURKUSUMA,TK,20254806,Swasta,KOMP BUMI PANYILEUKAN,Cipadung Kidul,Panyileukan,0,4,40,17
RIUNG PUTRA,TK,20254805,Swasta,KOMPLEK PANYILEUKAN BLOK F9,Cipadung Kidul,Panyileukan,0,5,13,6
BANI SALEH,TK,20254803,Swasta,PANYILEUKAN BLOK B,Cipadung Kidul,Panyileukan,0,3,12,17
DWI LESTARI,TK,20254804,Swasta,PANYILEUKAN C.2 NO.9,Cipadung Kidul,Panyileukan,0,3,12,6
SEJAHTERA,TK,20254814,Swasta,JL. PAKUAN IV NO.6,Cipadung Kulon,Panyileukan,0,3,11,9
AL-AMIN,TK,20254813,Swasta,JL. PAMITRAN I NO.36,Cipadung Kulon,Panyileukan,0,3,6,16
NURLAELA,TK,20254816,Swasta,JL. PAMITRAN IV NO.16 PANGHEGAR IX,Cipadung Kulon,Panyileukan,0,2,7,0
ASSIRAJ,TK,20254807,Swasta,AH NASUTION NO. 274,Cipadung Wetan,Panyileukan,0,3,11,9
BUNGA BANGSA,TK,20254809,Swasta,GEMPOL,Cipadung Wetan,Panyileukan,1,5,10,12
DAARUS SHOLIHIN,TK,20254808,Swasta,PANGARITAN NO.09,Cipadung Wetan,Panyileukan,0,3,12,8
VALDA,TK,20254810,Swasta,JL PAMEKAR TIMUR II NO.35,Mekar Mulya,Panyileukan,0,4,14,16
KB/ALBIRUNI,TK,69759455,Swasta,"JL, PANYILEUKAN",Mekar Mulya,Panyileukan,0,3,44,45
PUTRA KARYA,TK,20254812,Swasta,JL. PAMEKAR RAYA NO.93,Mekar Mulya,Panyileukan,1,5,16,24
BEYNA CERIA,TK,69759456,Swasta,JL. PAMEKAR TIMUR 3 NO. 12,Mekar Mulya,Panyileukan,,,,
ALBIRUNI ARIA GRAHA,TK,20255398,Swasta,ARIA UTAMA NO. 35,Cipamokolan,Rancasari,0,10,49,52
KARYA SANTOSA,TK,20254782,Swasta,JL SANTOSA ASIH IV BLOK N2 NO 16 ,Cipamokolan,Rancasari,0,5,32,21
ASHFIYA,TK,20254784,Swasta,JL. BATU KARANG NO 2-4,Cipamokolan,Rancasari,0,6,27,20
TK.LESTARI,TK,20254854,Swasta,JLN. SALUYU 12 A NO 38-40 RIUNG BANDUNG,Cipamokolan,Rancasari,0,8,35,35
NUANSA,TK,20254786,Swasta,NUANSA MAS ESTATE BLOK C6-7,Cipamokolan,Rancasari,0,8,29,19
REMBULAN,TK,20254785,Swasta,SALUYU XI A NO. 5 RIUNG BANDUNG,Cipamokolan,Rancasari,0,1,1,7
PLUS HAMIDAH,TK,,Swasta,JL. DERWATI GG.HJ.HAMIDAH RT.01/RW.05,Derwati,Rancasari,0,6,13,15
ASSAKINAH,TK,20254783,Swasta,PERUM,Derwati,Rancasari,0,4,6,4
TKIT ALFITRAH,TK,20255397,Swasta,JL. MERKURI TIMUR NO.1 MARGAHAYU RAYA RT.01/RW.04,Manjahlega,Rancasari,0,13,22,15
PLUS LESTARI,TK,20254772,Swasta,JL. TERUSAN MARS UTARA III NO.13,Manjahlega,Rancasari,1,12,28,42
PAUD VISIHATI,TK,,Swasta,JLN. MERKURI TENGAH NO 19 ,Manjahlega,Rancasari,0,5,7,9
PLUS AL WAHAB,TK,20254770,Swasta,JLN.STURNUS UTARA BLOK O RW X MARGAHAYU RAYA,Manjahlega,Rancasari,0,4,24,28
AT TAUFIQ,TK,20254774,Swasta,MANJALEGA,Manjahlega,Rancasari,0,3,21,19
DEWI KANIA,TK,20254780,Swasta,MARS SELATAN NO 35,Manjahlega,Rancasari,0,4,8,12
INSAN KAMIL,TK,20254771,Swasta,MARS TENGAH 2 NO 7 BLOK V,Manjahlega,Rancasari,0,4,13,24
GROWING STAR,TK,,Swasta,MARS UTARA NO. 25,Manjahlega,Rancasari,1,8,36,24
ARYANDINI 1,TK,20255399,Swasta,SATURNUS TIMUR NO. 20,Manjahlega,Rancasari,0,3,8,12
AMALIAH,TK,20254769,Swasta,SATURNUS UTARA NO. 8 BLOK R,Manjahlega,Rancasari,0,0,27,32
ARYADINI 2,TK,20254775,Swasta,VENUS RAYA NO. 28,Manjahlega,Rancasari,0,5,13,12
ADAM PRATAMA,TK,20254778,Swasta,Jalan Terusan Derwati No. 34,Mekar Jaya,Rancasari,0,3,16,15
FAJAR,TK,20254776,Swasta,KOMPLEK PASIR POGOR INDAH BLOK DD NO. 1,Mekar Jaya,Rancasari,0,0,35,31
AL-KAHFI,TK,20254779,Swasta,KOMPLEK. BANDUNG INDAH RAYA BLOK C 13 NO 22,Mekar Jaya,Rancasari,0,12,28,18
SEJAHTERA,TK,20254987,Swasta,JALAN SRIWULAN NO.17,Ancol,Regol,0,2,10,11
KARTIKA,TK,20254985,Swasta,JL PASUNDAN NO 47,Balong Gede,Regol,0,3,16,16
ASSALAAM,TK,20254982,Swasta,SASAKGANTUNG NO. 11,Balong Gede,Regol,1,19,72,116
ELEKTRINA,TK,20254996,Swasta,JALAN IBU INGGIT GARNASIH KOMP. PLN GG 1 NO. 7,Ciateul,Regol,0,6,29,30
SANTA LUCIA,TK,20254989,Swasta,JALAN SINDANG PALAY 20,Ciateul,Regol,0,4,14,6
RIA,TK,20254988,Swasta,MURNI I NO. 20,Ciateul,Regol,0,3,15,17
AL JANNAH,TK,20254993,Swasta,DENKI SELATAN V NO. 38 MOH. TOHA,Ciseureuh,Regol,0,15,57,59
AL-FATWA,TK,20254992,Swasta,JALAN CIGERELENG NO. 21,Ciseureuh,Regol,0,3,18,19
MELATI MEKAR,TK,20254991,Swasta,JALAN DENKI NO.36,Ciseureuh,Regol,0,4,15,17
NUGRAHA,TK,20254995,Swasta,PLN DALAM NO. 4-6 MOCH. TOHA ,Ciseureuh,Regol,1,2,21,24
PELANGI,TK,20254994,Swasta,SRIWIJAYA GG BBK PRIANGAN IIII,Ciseureuh,Regol,0,3,30,37
MEGA INDAH,TK,20254990,Swasta,JL. MENGGER GIRANG II No. 2,Pasirluyu,Regol,0,1,4,5
TAMAN GEMBIRA,TK,20254986,Swasta,JALAN RADEN DEWI SARTIKA GG. JAKSA NO. 21,Pungkur,Regol,0,4,29,30
TUNAS MANDIRI,TK,20255023,Swasta,KARANG TINEUNG DALAM NO. 32,Cipedes,Sukajadi,0,3,10,15
INDRI,TK,20255028,Swasta,KARANG TINEUNG NO. 9,Cipedes,Sukajadi,0,3,12,11
SAIFULLAH,TK,,Swasta,KARANG TINGGAL NO. 1,Cipedes,Sukajadi,0,3,8,7
TUNAS HARAPAN,TK,20255021,Swasta,SUKAGALIH GG. H. GOJALI RT 02/07,Cipedes,Sukajadi,0,7,34,26
KEMALA BHAYANGKARI 41,TK,20255019,Swasta,SUKAGALIH NO. 21,Cipedes,Sukajadi,0,5,,
AL FITHROH,TK,20255027,Swasta,JL. CIPAGANTI NO. 85,Pasteur,Sukajadi,0,7,42,28
YDB AL AZHAR,TK,20255295,Swasta,JL.WASPADA N0. 16,Pasteur,Sukajadi,0,5,35,35
YAYASAN BERIBU,TK,20255025,Swasta,JURANG NO. 60,Pasteur,Sukajadi,0,2,23,19
GIKI,TK,20255026,Swasta,KARANGSARI NO. 29,Pasteur,Sukajadi,0,3,11,14
TRISULA PERWARI,TK,20255024,Swasta,MAKMUR NO. 32,Pasteur,Sukajadi,1,4,32,48
NUR IKHLAS,TK,,Swasta,JL. CIPEDES TENGAH,Suka Galih,Sukajadi,0,2,9,11
TKA NURUL HUDA,TK,,Swasta,JL. DANGDEUR INDAH NO.24 RT05 RW01,Suka Galih,Sukajadi,0,3,13,13
KUNCUP HARAPAN,TK,20255018,Swasta,SARIMADU BLOK 26 NO 30,Suka Warna,Sukajadi,0,2,5,9
INDRIYASANA,TK,,Negeri,UNPAR 2 NO.10,Suka Warna,Sukajadi,0,2,9,8
AISYIYAH 10,TK,20255022,Swasta,GARUNGGANG KULON NO. 431/65,Sukabungah,Sukajadi,0,5,20,23
ANUGERAH,TK,20255029,Swasta,SUKAMULYA NO. 52A,Sukabungah,Sukajadi,0,2,12,18
MELATI ASRI,TK,20255020,Swasta,TERUSAN PASTER NO. 104/182,Sukabungah,Sukajadi,0,2,12,2
AISYIYAH 7,TK,20254677,Swasta,JALAN SINDANG SIRNA NO.7,Gegerkalong,Sukasari,0,3,12,18
KB&BIANGLALA,TK,20255016,Swasta,AJUDAN JENDRAL NO.75H,Gegerkalong,Sukasari,1,11,25,27
NURUL FALAH,TK,20254690,Swasta,GEGERKALONG GIRANG NO 92,Gegerkalong,Sukasari,0,4,12,11
NASYWA,TK,20254681,Swasta,Gegerkalong Lebak II No 06,Gegerkalong,Sukasari,0,7,16,15
KHAS DAARUT TAUHIID,TK,20255013,Swasta,JL.  GEGERKALONG GIRANG KOMPLEK MIDC NO. 55J,Gegerkalong,Sukasari,2,14,7,13
AT-TAQWA,TK,20254691,Swasta,JL. INTENDANS NO. 77 S,Gegerkalong,Sukasari,0,13,49,46
KARTIKA XIX - 1,TK,20254689,Swasta,JL. PAK GATOT 1 KPAD,Gegerkalong,Sukasari,1,8,38,28
PELITA NUSANTARA,TK,20254686,Swasta,Jl.Suka Asih no.61 A,Gegerkalong,Sukasari,1,11,31,39
TK.SANTO ALOYSIUS,TK,20254687,Swasta,SUKAJADI 223,Gegerkalong,Sukasari,0,14,29,27
LAB UPI,TK,20255014,Swasta,Jln. Sanjaya Guru No.3 Kampus UPI,Isola,Sukasari,2,8,21,21
AL-IKHLAS,TK,20255015,Swasta,NEGLA,Isola,Sukasari,0,3,16,14
AR RAUDLAH,TK,20254684,Swasta,CIJEROKASO NO 103,Sarijadi,Sukasari,0,4,17,8
AL-INAYAH,TK,20254676,Swasta,CIJEROKASO NO. 45,Sarijadi,Sukasari,0,8,31,21
TKIT AL-AQSHO,TK,20254679,Swasta,JALAN SARIJADI RAYA,Sarijadi,Sukasari,0,8,26,44
SARIJADI,TK,20254685,Swasta,JL. SARIJADI BLOK 17,Sarijadi,Sukasari,0,4,19,20
PUSPA MEKAR,TK,20254683,Swasta,JL. SARIRASA BLOK 4 NO. 121 ,Sarijadi,Sukasari,0,5,12,23
ISLAM AL AZHAR 30,TK,20254675,Swasta,JLN TIRTASARI III NO.1,Sarijadi,Sukasari,0,7,38,34
AISYIYAH 11,TK,20254674,Swasta,JLN. SARIMANAH I NO. 38,Sarijadi,Sukasari,0,8,35,32
ARMIA,TK,20254680,Swasta,SARIMADU BARAT NO. 125,Sarijadi,Sukasari,0,6,20,30
PERMATASARI,TK,20254682,Swasta,JL. SUKAHAJI RT 04 RW 07,Sukarasa,Sukasari,0,3,7,15
AL-MURABBI,TK,69759469,Swasta,PROF. DR. IR. SUTAMI,Sukarasa,Sukasari,0,5,11,18
KEMALA BHAYANGKARI 37,TK,20255238,Swasta,NIAS NO. 1,Babakan Ciamis,Sumur Bandung,0,4,17,11
KEPODANG,TK,20255237,Swasta,JL KEBON SIRIH NO.18,Babakan Ciamis,Sumur Bandung,0,3,19,14
SANTA ANGELA EARLY YEARS EDUCATION,TK,20255236,Swasta,JALAN MERDEKA NO.24,Babakan Ciamis,Sumur Bandung,0,10,99,119
TK.BRAGA,TK,20255231,Swasta,JL.BRAGA GG.APANDI NO.118/11A,Braga,Sumur Bandung,0,3,19,25
BPP-YPDKI An Nahl,TK,20255233,Swasta,Jl. Van Deventer No. 14,Kebon Pisang,Sumur Bandung,2,8,13,12
KRISTEN YAHYA,TK,20255230,Swasta,VAN DEVENTER NO. 12,Kebon Pisang,Sumur Bandung,3,17,20,23
SANTO YUSUP,TK,20255229,Swasta,Jawa NO. 2 - 4,Merdeka,Sumur Bandung,0,15,37,26
KRISTEN PAULUS 3,TK,20255228,Swasta,JL. LOMBOK NO. 7,Merdeka,Sumur Bandung,0,4,24,23
KARTIKA XIX-8,TK,20255235,Swasta,JL. MENADO NO.12 ,Merdeka,Sumur Bandung,0,3,25,24
TK.ADE IRMA,TK,20255227,Swasta,JL.BELITUNG NO. 1,Merdeka,Sumur Bandung,0,4,8,23
DEWI ASIH,TK,20255173,Swasta,CIGENDING NO. 152,Cigending,Ujungberung,0,3,6,9
HARUMAN,TK,20255172,Swasta,HARUMAN NO. 59,Cigending,Ujungberung,0,13,75,85
KASIH IBU,TK,,Swasta,JLN SEGAR ATAS RT 06 RW 10,Cigending,Ujungberung,0,4,12,12
BUNDA ASUH NANDA,TK,20255169,Swasta,UBER INDAH RAYA NO. 1 (KOMPLEK PUTERACO),Cigending,Ujungberung,1,6,52,41
KLAB ANAK MENTARI,TK,20255404,Swasta,A.H. NASUTION ANDIR WETAN NO. 83 RT 02 RW 01,Pasanggrahan,Ujungberung,0,3,11,7
BINA INSAN CEMERLANG,TK,20255178,Swasta,CIPOREAT GG MANDALA IV NO 42 846,Pasanggrahan,Ujungberung,0,5,13,20
BINA INSANI,TK,20255168,Swasta,KOMP. PASANGGRAHAN INDAH BLOK 2 NO. 33,Pasanggrahan,Ujungberung,0,5,11,16
BINA PUTRA,TK,20255170,Swasta,JL. VIJAYA KUSUMA III NO. 44A KOM CIJAMBE INDAH,Pasir endah,Ujungberung,0,6,13,14
MUTIARA,TK,20255171,Swasta,KOMP. SIMPAY ASIH CIJAMBE NO. 1,Pasir endah,Ujungberung,0,4,22,27
BINA MULYA LESTARI,TK,20255167,Swasta,TARUNA 1 NO. 13,Pasir endah,Ujungberung,0,4,16,18
BINA INSANI BANGSA,TK,20255175,Swasta,TERUSAN SUKUP BARU III NO.3 ,Pasir endah,Ujungberung,0,6,0,0
PLUS BAITURRAHMAN,TK,20255182,Swasta,JL PROF KH M SYADLY HASAN NO 44 NAGROG II,Pasir Jati,Ujungberung,2,4,24,15
YASMI,TK,20255181,Swasta,NAGROG I NO 54 RT 03 RW 07,Pasir Jati,Ujungberung,0,4,16,18
MEKAR ARUM,TK,20255174,Swasta,CIGENDING NO 685,Pasir Wangi,Ujungberung,0,6,31,39
EKALIANA,TK,20255180,Swasta,CINANGKA,Pasir Wangi,Ujungberung,0,2,7,8
BINA PEMULA NUR-ASIAH,TK,20255177,Swasta,JALAN SAMIAJI NO 70 RT 04 RW 02,Pasir Wangi,Ujungberung,0,10,61,55
MELATI MEKAR,TK,20255179,Swasta,JL. CINANGKA CIPICUNG NO. 21,Pasir Wangi,Ujungberung,0,3,13,7
KARTINA 2,TK,,Swasta,JL. PALINTANG SEKEBURUY NO 153,Pasir Wangi,Ujungberung,0,2,13,4
ALAMANDA,TK,,Swasta,KOMP. GRIYA WINAYA B 9 NO. 6,Pasir Wangi,Ujungberung,0,2,10,12
